#,Player,Pos,Team,1,2,3,4,5,6,7,8,9,10,11,12,13,14,15,16,17,18,AVG,TTL
1,Josh Allen,QB,BUF,12.0,23.7,22.3,36.5,28.8,14.9,25.3,30.1,25.7,16.4,23.5,40.7,0.0,21.5,16.2,26.0,22.2,25.1,24.2,410.6
2,CeeDee Lamb,WR,DAL,11.7,25.3,10.2,14.8,8.9,18.7,0.0,41.0,28.1,39.5,16.5,17.3,32.6,19.1,18.6,25.2,40.2,35.5,23.7,403.2
3,Christian McCaffrey,RB,SF,25.9,22.5,22.9,48.7,13.8,14.2,22.6,29.8,0.0,20.2,21.3,30.9,22.3,16.3,41.7,25.1,13.1,0.0,24.5,391.3
4,Tyreek Hill,WR,MIA,44.5,15.0,30.7,10.2,32.1,28.3,25.8,25.2,12.5,0.0,30.6,25.4,32.3,10.1,0.0,18.9,13.6,21.2,23.5,376.4
5,Jalen Hurts,QB,PHI,12.5,26.2,21.9,24.2,28.3,22.9,24.3,27.4,25.9,0.0,19.9,35.5,23.9,8.9,23.9,24.4,20.2,1.6,21.9,371.8
6,Dak Prescott,QB,DAL,6.3,19.6,15.4,14.3,7.3,24.9,0.0,29.1,28.4,38.9,16.2,32.2,28.3,17.9,7.1,18.6,21.3,26.2,20.7,351.8
7,Lamar Jackson,QB,BAL,7.6,22.9,28.2,28.1,10.9,18.1,33.9,12.0,11.5,15.0,24.0,15.0,0.0,32.6,19.5,22.6,36.3,0.0,21.1,338.2
8,Amon-Ra St. Brown,WR,DET,19.1,14.2,19.6,16.6,0.0,30.4,23.2,16.8,0.0,30.5,21.7,18.5,12.9,5.1,24.2,28.6,22.1,27.4,20.7,330.9
9,Jordan Love,QB,GB,23.0,20.3,25.3,19.6,8.0,0.0,16.3,15.6,13.8,18.7,20.9,26.6,23.7,9.9,17.5,24.0,28.4,18.5,19.4,330.1
10,Brock Purdy,QB,SF,16.8,14.7,20.3,21.3,26.1,8.7,14.8,20.3,0.0,23.8,26.7,11.5,29.5,22.4,25.7,6.4,17.6,0.0,19.2,306.6
11,Jared Goff,QB,DET,14.0,23.9,19.0,12.4,27.4,22.4,10.4,13.7,0.0,21.1,16.7,18.2,16.3,8.4,31.1,14.3,12.8,20.8,17.8,303.1
12,Puka Nacua,WR,LAR,21.9,30.1,12.2,31.3,20.1,6.6,23.4,7.3,6.2,0.0,18.7,6.7,23.9,14.0,10.3,33.0,18.7,14.1,17.6,298.5
13,Patrick Mahomes II,QB,KC,20.5,22.2,25.7,15.2,19.2,18.3,34.9,7.6,15.8,0.0,17.9,20.8,14.0,14.6,17.7,17.7,12.0,0.0,18.4,294.2
14,Breece Hall,RB,NYJ,15.7,0.9,3.7,9.9,28.4,20.3,0.0,21.3,10.0,10.5,18.3,11.9,10.5,26.6,2.8,43.1,27.6,29.0,17.1,290.5
15,A.J. Brown,WR,PHI,14.9,6.9,22.1,38.5,18.7,20.1,29.7,33.0,19.6,0.0,1.8,14.7,19.4,16.4,10.6,14.0,9.3,-0.1,17.0,289.6
16,DJ Moore,WR,CHI,4.5,16.4,13.1,27.1,49.0,10.1,13.4,9.5,5.4,10.9,22.6,22.4,0.0,26.8,9.2,4.8,30.9,10.4,16.9,286.5
17,Tua Tagovailoa,QB,MIA,28.1,13.3,28.4,15.0,18.9,22.5,11.3,22.8,12.4,0.0,18.6,9.8,19.2,9.1,13.0,15.5,16.9,9.6,16.7,284.4
18,Baker Mayfield,QB,TB,16.0,18.4,11.0,23.9,0.0,7.8,17.2,21.4,19.0,19.3,11.3,14.4,10.9,20.1,29.0,19.8,18.3,6.2,16.7,284.1
19,Mike Evans,WR,TB,18.6,29.1,17.0,7.0,0.0,8.9,20.2,12.9,12.7,26.3,15.3,25.0,29.2,1.8,15.7,27.6,10.0,5.2,16.6,282.5
20,Travis Etienne Jr.,RB,JAC,21.4,6.2,17.8,10.2,36.4,23.3,22.7,25.9,0.0,6.4,8.9,12.6,17.9,17.2,9.9,6.1,25.8,13.7,16.6,282.4
21,C.J. Stroud,QB,HOU,10.7,21.5,20.6,21.8,14.2,15.2,0.0,12.9,41.8,20.0,18.3,30.9,16.1,3.6,0.0,0.0,12.9,20.6,18.7,281.0
22,Keenan Allen,WR,CHI,14.2,31.1,45.5,12.2,0.0,21.5,9.5,14.9,15.7,40.5,27.6,22.6,10.8,12.8,0.0,0.0,0.0,0.0,21.5,278.9
23,Sam Howell,QB,SEA,16.2,21.3,4.6,19.6,26.4,18.3,10.5,32.0,18.7,24.2,20.7,18.3,20.2,0.0,9.3,0.2,8.7,9.4,16.4,278.5
24,Trevor Lawrence,QB,JAC,18.7,9.2,15.4,16.5,15.7,15.7,18.1,15.7,0.0,4.1,32.2,25.6,25.1,20.4,14.7,11.3,0.0,18.2,17.3,276.5
25,Stefon Diggs,WR,HOU,26.2,13.6,19.1,36.0,24.1,20.0,17.8,16.0,22.6,6.4,6.7,19.4,0.0,6.4,8.8,7.9,7.1,15.7,16.1,273.8
26,Rachaad White,RB,TB,6.9,21.3,7.2,10.8,0.0,6.8,15.9,17.9,27.9,17.8,17.8,13.0,19.6,21.5,21.9,19.7,8.6,13.3,15.8,267.9
27,Raheem Mostert,RB,MIA,13.0,25.7,45.2,5.5,15.8,34.2,6.1,10.6,14.5,0.0,10.3,21.4,12.1,23.0,18.3,12.0,0.0,0.0,17.8,267.7
28,Joe Mixon,RB,HOU,10.3,13.5,14.0,8.6,13.4,9.2,0.0,20.0,17.8,12.5,21.0,8.0,29.7,21.5,15.1,9.0,18.7,24.7,15.7,267.0
29,Davante Adams,WR,LV,12.6,20.4,42.2,15.5,8.5,4.9,12.7,2.1,7.4,14.6,21.2,12.3,0.0,12.3,24.1,1.4,37.6,15.6,15.6,265.4
30,Russell Wilson,QB,PIT,15.2,26.9,15.2,22.2,18.7,8.9,13.9,17.6,0.0,18.7,14.5,16.8,18.8,16.5,17.5,23.5,0.0,0.0,17.7,264.9
31,Ja'Marr Chase,WR,CIN,9.1,8.1,26.1,14.3,52.2,14.0,0.0,25.2,8.1,23.4,9.2,12.1,31.6,5.9,10.4,0.0,7.1,5.9,16.4,262.7
32,Nico Collins,WR,HOU,14.0,27.6,5.4,35.8,6.9,12.0,0.0,7.0,14.4,0.0,13.5,23.4,34.1,2.3,0.0,13.8,15.7,34.5,17.4,260.4
33,Kyren Williams,RB,LAR,17.4,28.0,8.5,27.7,7.7,21.8,0.0,0.0,0.0,0.0,0.0,38.4,20.2,14.3,24.5,16.4,30.1,0.0,21.3,255.0
34,Matthew Stafford,QB,LAR,14.5,16.0,13.5,17.2,16.9,13.2,15.0,12.4,0.0,0.0,10.7,24.4,23.0,23.7,18.5,20.7,14.6,0.0,16.9,254.1
35,Michael Pittman Jr.,WR,IND,23.7,13.6,16.7,4.5,10.2,19.9,16.3,18.0,14.4,16.4,0.0,20.7,27.5,19.5,11.8,0.0,9.6,7.4,15.6,250.2
36,Brandon Aiyuk,WR,SF,32.9,7.3,0.0,20.8,9.8,11.6,10.7,15.9,0.0,14.5,26.6,13.0,15.6,16.6,6.7,17.3,24.4,5.5,15.6,249.2
37,Derek Carr,QB,NO,15.6,7.7,8.1,3.2,15.7,17.3,18.4,18.3,16.7,5.4,0.0,11.9,9.9,11.8,20.3,26.0,15.6,27.2,14.7,249.1
38,Derrick Henry,RB,BAL,13.9,18.5,2.0,24.4,9.2,19.3,0.0,16.2,19.2,3.0,5.4,20.6,25.0,18.1,5.0,21.4,4.2,21.3,14.5,246.7
39,Bijan Robinson,RB,ATL,20.3,21.2,10.0,18.7,11.8,13.0,0.3,12.2,5.9,17.6,0.0,27.3,10.9,19.8,0.4,19.2,11.6,26.1,14.5,246.3
40,Deebo Samuel Sr.,WR,SF,11.3,22.1,25.1,0.6,11.5,1.1,0.0,0.0,0.0,15.9,9.2,22.4,35.8,34.0,21.9,9.4,18.2,5.2,16.2,243.7
41,Jahmyr Gibbs,RB,DET,8.0,12.6,9.2,9.1,0.0,0.0,27.6,29.9,0.0,26.2,21.5,11.3,6.4,17.2,24.8,24.0,5.3,9.0,16.1,242.1
42,Justin Herbert,QB,LAC,20.9,22.2,29.3,24.4,0.0,20.1,12.9,24.0,7.1,29.4,25.7,14.4,8.0,2.8,0.0,0.0,0.0,0.0,18.6,241.2
43,Sam LaPorta,TE,DET,8.9,11.3,22.4,9.6,19.7,7.6,11.2,19.7,0.0,8.0,6.8,17.7,29.0,4.7,28.6,4.8,15.4,13.9,14.1,239.3
44,Justin Fields,QB,PIT,15.5,16.7,11.7,28.9,33.0,5.9,0.0,0.0,0.0,0.0,21.2,10.6,0.0,24.7,11.6,25.5,25.2,8.6,18.4,239.2
45,Geno Smith,QB,SEA,9.1,23.1,16.4,9.2,0.0,13.0,14.8,15.9,3.7,24.1,13.2,8.3,31.0,0.0,0.0,17.3,16.9,20.4,15.8,236.3
46,Alvin Kamara,RB,NO,0.0,0.0,0.0,21.4,18.7,17.4,29.3,27.0,11.0,18.5,0.0,15.9,28.9,13.5,16.0,8.5,6.9,0.0,17.9,233.0
47,James Cook,RB,BUF,10.3,19.9,13.2,14.7,5.1,7.1,19.2,8.3,7.9,12.0,19.2,16.0,0.0,25.1,36.1,5.0,5.4,8.2,13.7,232.7
48,Chris Olave,WR,NO,19.2,14.6,18.4,1.4,9.2,16.6,12.7,9.6,16.6,21.4,0.0,18.4,16.9,12.8,0.0,23.3,5.6,14.6,14.5,231.3
49,Adam Thielen,WR,CAR,3.2,20.4,31.5,15.2,27.7,28.5,0.0,15.2,7.9,10.2,15.4,1.2,5.5,12.4,8.3,15.4,9.8,3.2,13.6,231.0
50,Evan Engram,TE,JAC,9.9,11.7,13.7,12.9,6.8,11.1,9.5,16.8,0.0,5.2,6.9,9.9,23.2,32.5,6.8,17.5,12.0,23.9,13.5,230.3
51,Calvin Ridley,WR,TEN,24.1,5.2,7.0,11.8,20.6,6.6,1.5,14.3,0.0,4.0,31.1,21.9,7.3,9.3,8.9,25.8,7.9,22.6,13.5,229.9
52,DeVonta Smith,WR,PHI,17.7,23.1,6.8,14.8,1.6,9.4,8.9,22.9,14.1,0.0,15.9,23.6,24.6,10.3,10.0,17.9,6.0,0.0,14.2,227.6
53,Amari Cooper,WR,CLE,6.7,16.0,24.6,2.6,0.0,14.8,4.2,14.9,24.9,15.8,7.4,3.6,6.4,12.7,20.9,51.5,0.0,0.0,15.1,227.0
54,DK Metcalf,WR,SEA,13.7,13.5,17.2,12.4,0.0,10.9,0.0,11.7,6.0,16.8,20.4,6.2,37.4,13.2,12.8,15.6,15.6,2.0,14.1,225.4
55,DeAndre Hopkins,WR,TEN,13.5,8.0,7.8,10.3,22.0,3.0,0.0,34.8,10.5,5.7,15.9,7.9,18.9,25.4,4.1,4.0,14.2,17.6,13.2,223.6
56,Saquon Barkley,RB,PHI,9.3,27.2,0.0,0.0,0.0,13.8,18.8,15.8,14.3,7.1,30.0,6.2,0.0,23.1,5.7,19.4,8.8,23.7,15.9,223.2
57,Tony Pollard,RB,TEN,22.2,19.9,15.1,9.0,8.4,17.0,0.0,6.5,9.3,5.5,18.0,22.3,17.3,16.6,7.7,5.3,5.9,16.6,13.1,222.6
58,Jordan Addison,WR,MIN,16.1,16.2,11.2,0.0,18.4,11.8,31.3,21.4,10.2,10.9,7.4,9.9,0.0,4.7,29.1,1.2,5.8,15.7,13.0,221.3
59,Travis Kelce,TE,KC,0.0,12.6,19.9,12.0,22.7,21.4,35.9,11.8,4.4,0.0,15.4,15.1,12.1,14.3,7.8,9.4,4.6,0.0,14.6,219.4
60,T.J. Hockenson,TE,MIN,11.5,25.6,13.8,4.4,10.1,11.0,19.6,20.8,13.9,30.4,9.5,16.0,0.0,10.3,12.3,9.8,0.0,0.0,14.6,219.0
61,Jakobi Meyers,WR,LV,29.1,0.0,15.5,5.3,20.5,17.1,18.0,2.9,13.5,4.1,8.9,20.1,0.0,7.5,15.7,7.2,11.6,21.6,13.7,218.6
62,Jayden Reed,WR,GB,6.6,19.7,9.3,10.5,1.7,0.0,11.1,12.3,7.0,19.4,19.2,15.0,5.6,20.5,17.2,0.0,26.9,15.2,13.6,217.2
63,Isiah Pacheco,RB,KC,9.4,8.0,15.8,24.8,13.4,15.8,16.0,6.7,6.6,0.0,10.1,25.9,21.3,0.0,0.0,10.6,29.5,0.0,15.3,213.9
64,Garrett Wilson,WR,NYJ,14.4,16.3,9.8,15.0,8.4,17.0,0.0,17.6,13.0,18.3,0.9,17.4,8.0,20.1,5.9,15.8,9.9,5.4,12.5,213.2
65,Rashee Rice,WR,KC,11.6,4.0,10.9,6.2,13.3,11.2,17.0,9.6,9.7,0.0,8.2,24.7,14.4,18.2,24.1,11.7,17.7,0.0,13.3,212.5
66,Jerome Ford,RB,CLE,1.6,24.1,19.1,9.5,0.0,11.1,17.4,4.9,12.7,11.9,11.9,11.9,14.2,13.2,7.1,9.3,26.1,5.2,12.4,211.2
67,Joshua Dobbs,QB,SF,1.0,25.2,17.1,23.4,10.7,11.1,16.1,24.9,24.9,25.1,17.9,8.5,0.0,4.6,0.0,0.0,0.0,0.0,16.2,210.7
68,Chris Godwin,WR,TB,10.1,10.8,8.2,19.4,0.0,13.7,12.6,17.8,3.6,9.4,9.9,7.5,7.9,10.3,25.5,13.9,17.1,11.5,12.3,209.2
69,George Pickens,WR,PIT,8.6,22.7,11.5,5.5,26.6,0.0,15.7,9.2,1.9,7.5,7.7,8.8,12.6,6.9,7.7,35.5,20.1,0.3,12.3,208.8
70,David Montgomery,RB,DET,13.4,12.4,0.0,34.1,20.9,4.3,0.0,0.0,0.0,17.6,17.8,15.1,12.5,11.5,10.2,14.9,12.5,10.0,14.8,207.2
71,Zay Flowers,WR,BAL,17.7,10.8,13.0,8.0,12.3,17.1,11.5,6.9,2.1,12.3,8.0,23.2,0.0,20.0,1.7,22.2,19.6,0.0,12.9,206.4
72,Gardner Minshew II,QB,LV,0.0,11.1,13.1,0.0,6.3,12.6,28.1,15.8,9.6,6.7,0.0,15.6,18.7,15.1,20.6,10.1,13.3,8.5,12.8,205.2
73,George Kittle,TE,SF,4.9,6.0,16.0,1.9,27.7,1.1,13.0,23.9,0.0,20.6,22.9,4.9,10.8,16.6,7.4,19.6,5.9,0.0,12.7,203.2
73,Terry McLaurin,WR,WAS,5.1,16.4,10.1,16.6,8.9,14.1,15.0,17.3,12.3,7.3,9.3,9.0,0.0,0.0,26.1,8.0,16.1,11.6,12.0,203.2
75,Tyler Lockett,WR,SEA,3.0,25.9,8.4,9.4,0.0,15.4,7.8,22.1,6.2,23.2,10.1,6.0,9.7,14.9,5.1,16.1,2.0,17.1,11.9,202.4
76,Justin Jefferson,WR,MIN,24.0,24.9,27.9,26.5,5.8,0.0,0.0,0.0,0.0,0.0,0.0,0.0,0.0,4.7,15.4,26.1,10.9,36.0,20.2,202.2
77,James Conner,RB,ARI,12.0,16.6,19.6,6.6,4.6,0.0,0.0,0.0,0.0,7.3,8.3,7.2,22.5,0.0,17.9,22.2,26.3,30.4,15.5,201.5
78,David Njoku,TE,CLE,4.4,6.8,6.0,10.6,0.0,5.4,10.4,17.7,12.6,11.8,12.6,11.9,3.7,27.1,26.4,16.4,17.4,0.0,12.6,201.2
79,Kenneth Walker III,RB,SEA,10.7,18.4,30.6,13.9,0.0,17.9,13.1,8.0,2.7,19.7,2.6,0.0,0.0,9.4,20.2,6.6,16.5,9.1,13.3,199.4
80,D'Andre Swift,RB,CHI,1.3,27.1,14.8,17.9,16.8,17.8,10.5,14.4,9.4,0.0,19.7,9.4,4.0,3.9,9.5,15.2,7.6,0.0,12.5,199.3
81,Jaylen Waddle,WR,MIA,11.8,12.4,0.0,8.6,14.5,18.1,12.3,25.1,8.4,0.0,9.5,19.4,10.2,13.9,28.2,6.2,0.0,0.0,14.2,198.6
82,Brian Robinson Jr.,RB,WAS,13.6,28.9,7.0,13.1,8.3,13.6,8.3,9.9,11.7,27.7,20.2,8.4,5.3,0.0,0.0,0.0,11.6,10.5,13.2,198.1
83,Jaylen Warren,RB,PIT,6.8,12.6,8.2,11.5,10.9,0.0,10.1,7.8,14.3,19.0,23.5,7.2,6.5,8.0,11.8,10.4,19.8,8.0,11.6,196.4
84,Najee Harris,RB,PIT,5.3,5.3,6.5,11.3,5.0,0.0,15.8,10.5,15.6,18.6,4.6,15.9,9.7,7.8,1.3,13.8,24.2,24.3,11.5,195.5
85,De'Von Achane,RB,MIA,0.0,1.9,51.3,27.0,21.5,0.0,0.0,0.0,0.0,0.0,1.5,0.0,25.3,12.1,9.2,4.1,23.7,13.1,17.3,190.7
86,Courtland Sutton,WR,DEN,13.2,11.6,19.1,11.7,2.3,14.6,19.6,10.9,0.0,17.3,16.6,9.1,15.7,15.2,12.1,0.0,0.0,1.2,11.9,190.2
87,Desmond Ridder,QB,ARI,8.9,22.4,6.3,8.2,26.2,19.1,13.8,3.4,0.0,8.7,0.0,11.7,8.8,26.4,8.9,0.0,-0.3,16.6,12.6,189.1
88,Gus Edwards,RB,LAC,5.2,12.2,5.1,6.9,4.8,6.3,21.4,29.4,17.2,9.8,21.0,4.7,0.0,1.5,13.9,14.0,10.8,2.8,11.0,187.0
89,Austin Ekeler,RB,WAS,26.4,0.0,0.0,0.0,0.0,10.2,5.6,23.3,21.0,21.5,7.0,9.4,4.7,21.0,7.8,11.6,4.0,11.9,13.2,185.4
90,Chuba Hubbard,RB,CAR,8.9,10.0,2.4,7.3,4.5,16.0,0.0,7.4,10.7,5.9,8.5,20.2,22.4,11.6,12.3,12.1,11.1,11.2,10.7,182.5
91,Trey McBride,TE,ARI,4.3,5.2,1.2,1.5,3.7,10.2,5.9,25.5,5.2,21.1,9.3,13.0,22.9,0.0,20.2,9.1,10.8,12.4,10.7,181.5
92,Cole Kmet,TE,CHI,9.4,7.8,4.2,27.6,15.2,2.9,0.0,17.9,23.5,9.6,5.0,11.3,0.0,11.6,13.3,14.7,0.0,7.1,10.7,181.1
93,Josh Jacobs,RB,GB,9.1,9.9,11.0,27.9,19.9,11.3,5.1,16.8,21.8,12.7,6.1,22.5,0.0,7.0,0.0,0.0,0.0,0.0,13.9,181.1
94,Brandon Aubrey,K,DAL,10.0,18.0,11.0,12.0,6.0,8.0,0.0,13.0,7.0,7.0,9.0,9.0,15.0,22.0,4.0,9.0,11.0,10.0,10.6,181.0
95,Javonte Williams,RB,DEN,9.7,7.8,8.5,3.9,0.0,7.2,12.6,18.8,0.0,21.0,7.3,10.1,10.0,18.1,4.0,10.9,8.8,20.5,11.2,179.2
96,Dallas Cowboys,DST,DAL,37.0,15.0,1.0,27.0,-1.0,4.0,0.0,15.0,2.0,8.0,21.0,16.0,-1.0,11.0,0.0,1.0,6.0,16.0,10.5,178.0
97,Jake Ferguson,TE,DAL,3.1,10.1,9.8,14.7,5.8,2.5,0.0,14.7,22.1,12.6,6.2,4.5,19.7,12.2,10.4,8.5,7.3,12.9,10.4,177.1
98,Ezekiel Elliott,RB,DAL,7.3,1.3,9.7,4.2,7.8,11.9,9.1,3.6,6.2,10.8,0.0,7.2,13.2,27.0,9.6,21.0,11.5,13.1,10.3,174.5
99,Romeo Doubs,WR,GB,18.6,5.0,18.3,18.5,1.4,0.0,11.0,11.8,6.6,12.1,16.3,6.7,11.2,7.2,6.0,17.9,5.8,0.0,10.3,174.4
100,Drake London,WR,ATL,0.0,18.7,5.1,11.8,14.7,21.5,11.4,10.5,0.0,6.6,0.0,14.1,1.8,29.2,4.4,6.9,9.6,8.1,10.9,174.4
101,Baltimore Ravens,DST,BAL,11.0,3.0,7.0,17.0,6.0,11.0,14.0,6.0,15.0,14.0,6.0,15.0,0.0,7.0,9.0,15.0,10.0,8.0,10.2,174.0
102,Brandin Cooks,WR,DAL,4.2,0.0,3.7,6.7,2.3,15.0,0.0,14.2,1.7,32.3,7.2,17.2,16.5,5.7,3.0,10.3,17.0,16.2,10.8,173.2
103,Zack Moss,RB,CIN,0.0,20.7,22.5,9.0,33.5,17.9,7.2,14.4,2.6,0.2,0.0,9.0,7.7,9.6,12.3,0.0,0.0,3.0,12.1,169.6
104,Devin Singletary,RB,NYG,1.5,3.4,6.5,8.8,0.0,7.2,0.0,6.3,4.6,23.1,19.8,13.2,5.0,12.5,21.0,9.3,11.6,13.5,9.8,167.3
105,Bryce Young,QB,CAR,9.5,13.5,0.0,7.2,20.3,12.7,0.0,14.5,12.0,9.2,6.2,8.1,8.1,7.5,7.6,22.2,3.7,4.2,10.4,166.4
106,Tank Dell,WR,HOU,6.4,20.2,25.5,3.9,8.3,0.0,0.0,6.1,29.6,18.9,28.9,17.2,0.0,0.0,0.0,0.0,0.0,0.0,15.0,165.0
107,Cooper Kupp,WR,LAR,0.0,0.0,0.0,0.0,19.8,27.8,6.9,6.1,6.8,0.0,2.1,4.8,15.9,25.5,25.1,10.9,12.7,0.0,13.7,164.4
108,Gabe Davis,WR,JAC,5.2,21.2,10.3,15.1,22.0,3.1,1.6,23.7,0.0,9.6,0.0,22.5,0.0,0.0,0.0,23.0,4.1,0.0,9.5,161.4
109,Justin Tucker,K,BAL,5.0,11.0,7.0,4.0,4.0,19.0,8.0,8.0,14.0,7.0,11.0,10.0,0.0,12.0,12.0,16.0,8.0,4.0,9.4,160.0
110,Buffalo Bills,DST,BUF,5.0,10.0,32.0,9.0,9.0,7.0,2.0,6.0,1.0,6.0,21.0,2.0,0.0,6.0,9.0,5.0,17.0,12.0,9.4,159.0
111,Cairo Santos,K,CHI,7.0,7.0,4.0,4.0,17.0,9.0,8.0,1.0,5.0,12.0,17.0,14.0,0.0,11.0,6.0,10.0,15.0,11.0,9.3,158.0
111,Jason Myers,K,SEA,8.0,7.0,18.0,6.0,0.0,9.0,9.0,6.0,3.0,21.0,15.0,9.0,5.0,5.0,9.0,8.0,13.0,7.0,9.3,158.0
113,Curtis Samuel,WR,BUF,11.0,6.2,7.4,18.2,18.5,14.2,6.5,6.2,0.0,2.6,1.5,19.0,10.5,0.0,21.1,3.0,6.3,5.0,9.8,157.2
114,Josh Downs,WR,IND,6.0,7.7,13.7,5.4,15.7,13.1,23.5,14.2,2.0,6.0,0.0,9.3,4.4,6.2,4.9,9.9,7.3,7.8,9.2,157.1
115,Matt Gay,K,IND,3.0,8.0,24.0,1.0,12.0,10.0,8.0,10.0,11.0,6.0,0.0,10.0,14.0,0.0,13.0,4.0,12.0,11.0,9.2,157.0
116,Jonathan Taylor,RB,IND,0.0,0.0,0.0,0.0,4.4,11.5,21.0,10.7,17.9,14.5,0.0,21.1,0.0,0.0,0.0,10.3,17.4,27.6,15.6,156.4
117,Jake Elliott,K,PHI,18.0,12.0,11.0,18.0,11.0,2.0,7.0,10.0,4.0,0.0,3.0,9.0,7.0,10.0,5.0,17.0,8.0,4.0,9.2,156.0
118,Rashid Shaheed,WR,NO,19.0,10.3,6.0,6.3,4.8,18.3,7.2,24.3,5.2,7.4,0.0,2.9,0.0,0.0,6.6,18.4,3.4,15.5,9.7,155.6
119,Kirk Cousins,QB,ATL,17.5,28.6,26.7,11.6,19.9,8.7,22.0,19.9,0.0,0.0,0.0,0.0,0.0,0.0,0.0,0.0,0.0,0.0,19.3,154.7
120,New York Jets,DST,NYJ,20.0,0.0,1.0,7.0,18.0,11.0,0.0,8.0,5.0,8.0,2.0,13.0,9.0,12.0,2.0,8.0,12.0,18.0,9.1,154.0
120,Harrison Butker,K,KC,8.0,5.0,12.0,11.0,10.0,17.0,7.0,11.0,3.0,0.0,6.0,7.0,7.0,5.0,11.0,2.0,24.0,8.0,9.1,154.0
122,Tyjae Spears,RB,TEN,3.8,7.5,4.9,8.8,16.9,7.3,0.0,6.6,6.2,10.0,4.6,1.7,12.8,17.8,4.7,11.7,6.9,21.6,9.0,153.8
123,Joe Burrow,QB,CIN,3.2,16.4,9.2,4.7,24.4,14.8,0.0,27.6,22.3,21.9,8.7,0.0,0.0,0.0,0.0,0.0,0.0,0.0,15.3,153.2
124,Cleveland Browns,DST,CLE,9.0,7.0,12.0,4.0,0.0,6.0,16.0,5.0,23.0,15.0,7.0,2.0,-4.0,12.0,13.0,7.0,15.0,4.0,9.0,153.0
125,Diontae Johnson,WR,CAR,7.8,0.0,0.0,0.0,0.0,0.0,12.9,16.5,22.0,2.7,3.6,9.0,13.3,14.7,16.2,3.5,11.6,18.9,11.7,152.7
126,Miami Dolphins,DST,MIA,2.0,9.0,8.0,-2.0,11.0,5.0,12.0,6.0,5.0,0.0,12.0,21.0,12.0,12.0,24.0,7.0,-1.0,9.0,8.9,152.0
127,Jake Browning,QB,CIN,-0.1,0.0,0.0,0.0,0.0,0.0,0.0,0.0,0.0,0.0,10.7,13.0,26.7,24.7,20.0,16.4,21.1,19.0,16.8,151.4
128,Kyler Murray,QB,ARI,0.0,0.0,0.0,0.0,0.0,0.0,0.0,0.0,0.0,18.3,22.7,20.4,11.8,0.0,15.3,20.4,24.7,17.8,18.9,151.4
129,Cameron Dicker,K,LAC,12.0,10.0,4.0,6.0,0.0,5.0,7.0,16.0,11.0,9.0,8.0,4.0,6.0,1.0,3.0,21.0,13.0,15.0,8.9,151.0
129,Darius Slayton,WR,NYG,4.5,9.2,6.2,4.3,5.5,10.9,3.2,0.9,9.9,5.1,18.2,3.6,0.0,3.4,10.3,18.0,20.6,17.2,8.9,151.0
131,Dalton Schultz,TE,HOU,2.4,7.4,1.9,13.2,19.5,16.1,0.0,2.5,27.0,11.1,11.2,1.2,0.0,0.0,9.8,14.1,3.9,9.2,10.0,150.5
132,Dalton Kincaid,TE,BUF,6.6,9.3,2.3,6.7,3.9,0.0,15.5,17.5,16.1,16.1,10.6,8.8,0.0,7.1,0.0,1.7,12.7,15.4,9.4,150.3
133,Christian Kirk,WR,JAC,1.9,22.0,15.4,16.4,14.4,13.9,19.0,8.6,0.0,14.4,7.8,12.9,3.6,0.0,0.0,0.0,0.0,0.0,12.5,150.3
134,Blake Grupe,K,NO,12.0,8.0,5.0,10.0,14.0,9.0,11.0,8.0,8.0,4.0,0.0,19.0,4.0,4.0,8.0,2.0,12.0,12.0,8.8,150.0
135,Jaxon Smith-Njigba,WR,SEA,4.3,8.4,2.0,3.5,0.0,8.8,16.3,12.6,12.3,9.3,7.0,6.1,13.2,6.5,14.8,12.1,8.2,4.4,8.8,149.8
136,Dustin Hopkins,K,CLE,12.0,9.0,12.0,5.0,0.0,17.0,22.0,8.0,10.0,14.0,7.0,6.0,8.0,9.0,8.0,2.0,0.0,0.0,9.9,149.0
137,Brandon McManus,K,FA,8.0,10.0,5.0,14.0,6.0,17.0,8.0,16.0,0.0,3.0,10.0,14.0,8.0,3.0,1.0,0.0,14.0,9.0,8.6,146.0
137,Las Vegas Raiders,DST,LV,3.0,-2.0,1.0,4.0,12.0,9.0,4.0,13.0,19.0,8.0,8.0,0.0,0.0,12.0,25.0,21.0,1.0,8.0,8.6,146.0
137,Jason Sanders,K,MIA,14.0,6.0,10.0,2.0,8.0,6.0,6.0,7.0,2.0,0.0,11.0,12.0,10.0,9.0,12.0,22.0,7.0,2.0,8.6,146.0
140,Tyler Boyd,WR,TEN,3.0,11.2,8.9,6.6,9.9,16.8,0.0,13.6,8.6,19.7,5.2,5.3,8.2,4.3,7.3,10.9,4.9,1.4,8.6,145.8
141,Rhamondre Stevenson,RB,NE,14.9,15.0,7.2,6.0,2.4,18.0,14.5,7.0,22.9,13.2,0.0,21.7,2.9,0.0,0.0,0.0,0.0,0.0,12.1,145.7
142,Taysom Hill,TE,NO,0.4,8.7,3.1,3.2,3.0,12.3,16.8,22.5,20.6,4.3,0.0,8.1,15.4,0.0,1.5,0.2,11.5,11.9,9.0,143.5
143,Pittsburgh Steelers,DST,PIT,4.0,26.0,11.0,-1.0,18.0,0.0,5.0,10.0,7.0,8.0,7.0,10.0,2.0,4.0,4.0,13.0,3.0,12.0,8.4,143.0
143,Greg Zuerlein,K,NYJ,11.0,0.0,6.0,4.0,18.0,14.0,0.0,7.0,8.0,16.0,0.0,1.0,7.0,17.0,0.0,14.0,10.0,10.0,8.9,143.0
143,New Orleans Saints,DST,NO,10.0,7.0,10.0,3.0,24.0,5.0,4.0,4.0,13.0,1.0,0.0,5.0,0.0,21.0,14.0,0.0,14.0,8.0,8.4,143.0
146,Jerry Jeudy,WR,CLE,0.0,5.5,13.1,8.2,11.0,4.4,11.4,13.0,0.0,6.5,10.8,3.1,8.1,3.6,10.4,7.4,8.4,16.9,8.9,141.8
147,San Francisco 49ers,DST,SF,13.0,5.0,8.0,2.0,16.0,7.0,2.0,4.0,0.0,20.0,9.0,14.0,4.0,9.0,12.0,3.0,9.0,4.0,8.3,141.0
148,Evan McPherson,K,CIN,4.0,6.0,19.0,3.0,12.0,7.0,0.0,9.0,6.0,11.0,10.0,5.0,13.0,10.0,9.0,3.0,5.0,8.0,8.2,140.0
149,Indianapolis Colts,DST,IND,11.0,9.0,9.0,3.0,4.0,1.0,5.0,-1.0,26.0,16.0,0.0,11.0,17.0,7.0,14.0,0.0,3.0,4.0,8.2,139.0
150,Younghoe Koo,K,ATL,7.0,13.0,7.0,1.0,7.0,5.0,13.0,12.0,19.0,5.0,0.0,6.0,8.0,5.0,1.0,19.0,5.0,5.0,8.1,138.0
151,Tyler Allgeier,RB,ATL,24.4,4.8,4.9,2.2,6.0,5.1,14.2,3.1,11.0,4.8,0.0,6.4,2.6,4.0,6.1,15.8,15.8,6.4,8.1,137.6
151,Tee Higgins,WR,CIN,0.0,28.9,4.1,3.9,0.0,4.0,0.0,11.9,19.0,0.0,0.0,0.0,6.6,9.2,22.1,25.0,2.9,0.0,11.5,137.6
153,Kyle Pitts,TE,ATL,6.4,3.5,8.7,4.1,15.7,14.3,7.7,6.5,9.6,6.0,0.0,4.2,9.1,14.7,6.7,13.9,1.5,4.7,8.1,137.3
154,Dallas Goedert,TE,PHI,0.0,8.2,9.1,4.5,25.7,9.2,18.7,7.6,8.0,0.0,0.0,0.0,0.0,7.0,7.1,14.1,15.7,1.4,9.7,136.3
155,Chase McLaughlin,K,TB,10.0,9.0,3.0,10.0,0.0,6.0,7.0,6.0,16.0,8.0,2.0,8.0,3.0,11.0,11.0,14.0,1.0,11.0,8.0,136.0
156,Mark Andrews,TE,BAL,0.0,15.5,7.5,25.0,12.5,10.9,22.3,14.0,17.0,6.4,4.3,0.0,0.0,0.0,0.0,0.0,0.0,0.0,13.5,135.4
157,Aaron Jones,RB,MIN,26.7,0.0,0.0,2.4,0.0,0.0,8.7,8.6,17.9,9.4,2.7,0.0,0.0,0.0,10.9,14.5,14.0,19.1,12.3,134.9
158,Hollywood Brown,WR,KC,8.7,17.4,17.1,16.6,16.1,7.4,7.9,15.3,6.4,3.8,3.2,14.8,0.0,0.0,0.0,0.0,0.0,0.0,9.6,134.7
159,Kansas City Chiefs,DST,KC,4.0,10.0,11.0,5.0,6.0,14.0,10.0,10.0,12.0,0.0,7.0,2.0,2.0,6.0,7.0,6.0,7.0,15.0,7.9,134.0
160,Alexander Mattison,RB,LV,13.4,4.9,17.5,10.8,12.6,11.2,6.2,4.3,17.3,4.3,7.0,8.3,0.0,6.6,0.0,-0.1,5.0,3.9,8.3,133.2
160,Wan'Dale Robinson,WR,NYG,0.0,0.0,6.1,9.7,6.9,14.2,3.2,1.7,13.5,2.6,6.7,6.6,0.0,17.5,6.5,4.6,19.9,13.5,8.9,133.2
162,Chris Boswell,K,PIT,1.0,12.0,15.0,6.0,11.0,0.0,8.0,4.0,8.0,13.0,4.0,11.0,4.0,6.0,1.0,12.0,12.0,5.0,7.8,133.0
162,Tampa Bay Buccaneers,DST,TB,9.0,17.0,5.0,13.0,0.0,4.0,6.0,4.0,1.0,13.0,4.0,4.0,7.0,7.0,5.0,16.0,1.0,17.0,7.8,133.0
162,Tyler Bass,K,BUF,13.0,8.0,15.0,14.0,2.0,2.0,5.0,6.0,4.0,2.0,17.0,12.0,0.0,8.0,7.0,6.0,9.0,3.0,7.8,133.0
165,Aidan O'Connell,QB,LV,0.0,0.0,0.0,10.8,0.0,0.0,6.0,0.0,8.4,9.4,12.1,13.9,0.0,6.0,25.9,2.1,20.3,17.9,12.1,132.8
166,Elijah Moore,WR,CLE,9.2,7.1,11.8,2.0,0.0,6.7,9.9,5.0,3.4,15.4,12.0,5.4,12.3,7.2,3.7,3.9,17.1,0.0,7.8,132.1
167,Jake Moody,K,SF,14.0,14.0,12.0,5.0,6.0,5.0,7.0,5.0,0.0,10.0,9.0,7.0,6.0,4.0,10.0,6.0,9.0,2.0,7.7,131.0
167,Nick Folk,K,TEN,18.0,10.0,4.0,11.0,12.0,10.0,0.0,4.0,11.0,6.0,2.0,7.0,9.0,8.0,5.0,5.0,5.0,4.0,7.7,131.0
167,New York Giants,DST,NYG,-1.0,-1.0,1.0,3.0,12.0,5.0,14.0,12.0,-1.0,0.0,23.0,12.0,0.0,8.0,1.0,10.0,16.0,17.0,7.7,131.0
167,Houston Texans,DST,HOU,8.0,-1.0,13.0,12.0,4.0,10.0,0.0,7.0,0.0,8.0,8.0,2.0,10.0,5.0,13.0,7.0,21.0,4.0,7.7,131.0
171,Matt Prater,K,ARI,12.0,9.0,13.0,4.0,2.0,11.0,5.0,5.0,0.0,18.0,6.0,0.0,8.0,0.0,14.0,6.0,9.0,8.0,7.6,130.0
172,Wil Lutz,K,DEN,4.0,9.0,8.0,9.0,7.0,0.0,15.0,6.0,0.0,15.0,17.0,9.0,5.0,6.0,5.0,1.0,11.0,2.0,7.6,129.0
173,Josh Reynolds,WR,DEN,12.0,23.6,0.0,9.9,17.6,8.0,6.3,0.3,0.0,3.5,2.1,9.5,2.2,13.4,6.1,2.6,2.3,9.4,8.1,128.8
174,Antonio Gibson,RB,NE,0.9,8.3,3.4,3.6,10.4,8.6,5.1,9.2,12.6,16.5,0.0,6.7,11.2,0.0,8.5,10.2,5.6,6.6,8.0,127.4
175,Zach Wilson,QB,DEN,9.2,11.4,6.4,19.2,9.6,10.9,0.0,12.1,7.2,14.9,7.7,0.0,0.0,19.2,-1.0,0.0,0.0,0.0,10.6,126.9
176,Logan Thomas,TE,SF,8.3,10.2,0.0,7.3,20.7,1.2,9.1,16.4,7.1,9.0,8.8,3.5,2.0,0.0,1.7,14.6,5.0,1.9,7.9,126.8
177,Anders Carlson,K,GB,10.0,6.0,4.0,8.0,7.0,0.0,5.0,4.0,8.0,7.0,5.0,6.0,11.0,11.0,8.0,11.0,9.0,5.0,7.4,125.0
178,Jahan Dotson,WR,WAS,9.0,5.2,4.1,12.7,6.0,0.0,9.3,24.8,16.9,0.0,11.3,10.2,4.3,0.0,2.2,5.1,0.0,3.7,7.3,124.8
179,Jonnu Smith,TE,MIA,0.0,8.7,8.7,15.5,10.7,13.6,5.7,2.3,21.0,1.1,0.0,0.0,3.0,6.7,8.1,7.2,0.0,11.9,7.3,124.2
180,Minnesota Vikings,DST,MIN,2.0,5.0,2.0,17.0,2.0,21.0,8.0,10.0,4.0,8.0,2.0,11.0,0.0,20.0,7.0,4.0,1.0,0.0,7.3,124.0
181,Tyler Conklin,TE,NYJ,1.2,10.0,5.6,9.8,10.7,5.4,0.0,0.0,12.6,14.0,3.8,7.3,6.5,9.7,5.8,7.6,9.5,3.6,7.2,123.1
182,Samaje Perine,RB,DEN,11.8,5.4,4.4,5.5,11.5,1.6,7.1,4.1,0.0,7.3,13.7,13.6,2.6,9.4,5.8,6.9,4.6,6.0,7.1,121.3
183,Daniel Carlson,K,LV,5.0,5.0,4.0,5.0,5.0,13.0,7.0,2.0,14.0,14.0,8.0,5.0,0.0,0.0,9.0,6.0,9.0,10.0,7.1,121.0
184,K.J. Osborn,WR,NE,6.1,12.4,10.6,2.6,9.9,8.8,9.7,17.9,3.7,0.0,1.7,6.4,0.0,5.5,1.3,20.5,0.0,2.9,7.5,120.0
184,Jacksonville Jaguars,DST,JAC,11.0,8.0,-4.0,20.0,5.0,12.0,9.0,11.0,0.0,1.0,7.0,4.0,3.0,6.0,5.0,1.0,18.0,3.0,7.1,120.0
184,Chicago Bears,DST,CHI,0.0,2.0,0.0,1.0,10.0,10.0,17.0,1.0,0.0,7.0,9.0,14.0,0.0,14.0,17.0,3.0,11.0,4.0,7.1,120.0
187,Hunter Henry,TE,NE,16.6,17.2,3.7,9.1,0.0,1.7,4.7,5.8,13.9,5.1,0.0,0.0,3.5,19.0,19.6,0.0,0.0,0.0,8.6,119.9
188,Dontayvion Wicks,WR,GB,0.0,12.0,8.5,0.0,2.0,0.0,3.4,4.8,6.9,8.1,12.1,0.0,7.3,4.0,15.7,10.9,0.0,24.1,8.0,119.8
189,Greg Joseph,K,GB,5.0,4.0,6.0,3.0,9.0,11.0,12.0,6.0,11.0,10.0,8.0,4.0,0.0,3.0,6.0,6.0,6.0,9.0,7.0,119.0
190,Kareem Hunt,RB,FA,0.0,0.0,5.5,1.2,0.0,16.1,15.1,13.7,9.8,9.2,6.7,2.2,5.8,10.0,3.0,9.6,9.1,1.5,7.9,118.5
191,Mac Jones,QB,JAC,25.1,14.7,13.3,2.7,0.4,6.9,20.0,13.2,12.1,8.3,0.0,1.6,0.0,0.0,0.0,0.0,0.0,0.0,10.8,118.4
192,Denver Broncos,DST,DEN,3.0,0.0,2.0,13.0,8.0,5.0,3.0,17.0,0.0,8.0,9.0,16.0,5.0,14.0,-2.0,5.0,9.0,3.0,6.9,118.0
192,Cincinnati Bengals,DST,CIN,7.0,6.0,11.0,5.0,16.0,12.0,0.0,9.0,6.0,6.0,2.0,5.0,3.0,11.0,7.0,0.0,4.0,8.0,6.9,118.0
194,AJ Dillon,RB,GB,5.6,7.3,3.3,1.1,13.6,0.0,11.5,10.2,5.3,9.1,10.1,11.1,9.7,9.8,0.0,7.2,2.7,0.0,7.8,117.6
195,Cade Otton,TE,TB,3.9,10.1,2.6,10.3,0.0,2.5,9.3,8.7,23.0,3.0,8.9,8.5,0.0,9.6,6.4,1.7,3.0,5.0,6.9,116.5
196,DJ Chark Jr.,WR,LAC,0.0,2.5,18.6,4.8,13.2,5.6,0.0,4.3,8.9,0.0,0.0,6.4,8.6,4.6,2.8,27.8,2.8,4.6,7.7,115.5
197,Green Bay Packers,DST,GB,15.0,3.0,5.0,3.0,9.0,0.0,2.0,7.0,12.0,1.0,5.0,15.0,6.0,4.0,6.0,1.0,12.0,9.0,6.8,115.0
198,Michael Wilson,WR,ARI,3.9,8.6,10.6,26.6,2.8,9.2,5.6,9.8,0.0,6.4,0.0,0.0,0.0,0.0,0.0,0.0,15.5,15.5,8.8,114.5
199,Kenny Pickett,QB,PHI,11.7,11.3,18.5,4.5,12.4,0.0,15.2,3.9,10.3,6.6,5.1,11.6,3.1,0.0,0.0,0.0,0.0,0.0,9.5,114.2
200,Ka'imi Fairbairn,K,HOU,9.0,8.0,13.0,12.0,15.0,8.0,0.0,1.0,6.0,0.0,0.0,0.0,0.0,0.0,17.0,2.0,16.0,7.0,9.5,114.0
201,Chigoziem Okonkwo,TE,TEN,0.0,7.5,3.7,5.9,8.3,3.8,0.0,6.7,5.8,5.7,1.6,8.5,9.4,9.6,6.6,18.3,6.4,5.6,6.7,113.4
202,Darren Waller,TE,FA,6.6,13.6,5.0,5.1,16.6,9.3,22.8,1.4,0.0,0.0,0.0,0.0,0.0,0.0,8.0,5.2,10.1,9.5,9.4,113.2
203,Khalil Shakir,WR,BUF,0.0,8.1,1.5,0.0,2.1,2.3,7.5,15.2,9.7,3.4,20.5,7.7,0.0,2.2,0.0,7.5,8.9,16.5,7.1,113.1
204,Khalil Herbert,RB,CHI,11.4,6.8,3.5,22.2,7.6,0.0,0.0,0.0,0.0,0.0,6.1,5.8,0.0,0.8,2.2,19.1,20.9,6.1,9.4,112.5
205,Tutu Atwell,WR,LAR,17.9,15.2,17.2,7.4,8.9,4.0,10.1,6.9,5.3,0.0,2.7,10.6,1.9,0.0,0.0,0.0,0.0,4.3,7.0,112.4
206,Los Angeles Chargers,DST,LAC,0.0,5.0,8.0,14.0,0.0,8.0,4.0,9.0,27.0,-4.0,3.0,3.0,17.0,4.0,-3.0,7.0,3.0,7.0,6.6,112.0
207,Gerald Everett,TE,CHI,4.3,7.7,9.0,2.9,0.0,10.8,11.6,0.0,3.8,0.0,0.0,14.3,8.4,8.9,9.1,11.2,7.7,1.4,7.4,111.1
208,Justice Hill,RB,BAL,12.9,8.3,0.0,3.3,12.5,6.5,5.8,9.5,4.0,0.7,1.7,3.1,0.0,2.2,2.3,8.7,22.2,5.6,6.8,109.3
209,Eddy Pineiro,K,CAR,5.0,13.0,11.0,9.0,6.0,3.0,0.0,10.0,8.0,7.0,5.0,6.0,4.0,7.0,9.0,6.0,0.0,0.0,7.3,109.0
209,New England Patriots,DST,NE,6.0,5.0,9.0,3.0,1.0,2.0,5.0,5.0,8.0,6.0,0.0,12.0,7.0,5.0,7.0,15.0,9.0,4.0,6.4,109.0
209,Seattle Seahawks,DST,SEA,1.0,13.0,3.0,30.0,0.0,6.0,8.0,10.0,1.0,5.0,4.0,8.0,0.0,6.0,5.0,7.0,0.0,2.0,6.4,109.0
212,Joe Flacco,QB,IND,0.0,0.0,0.0,0.0,0.0,0.0,0.0,0.0,0.0,0.0,0.0,0.0,17.2,21.3,19.9,26.8,23.7,0.0,21.8,108.8
213,Tyler Higbee,TE,LAR,7.9,4.2,12.1,11.4,4.0,3.8,1.7,9.5,0.0,0.0,2.7,19.9,5.5,0.0,7.6,6.0,12.2,0.0,7.2,108.5
214,Odell Beckham Jr.,WR,MIA,5.7,5.9,0.0,0.0,3.3,5.4,9.9,0.0,14.6,11.0,15.6,6.4,0.0,19.7,2.4,3.3,4.3,0.0,7.7,107.5
215,DeMario Douglas,WR,NE,8.0,1.9,3.0,6.5,3.4,0.0,11.4,7.9,10.5,14.4,0.0,10.9,0.0,0.0,6.3,12.4,7.3,3.3,7.7,107.2
216,Detroit Lions,DST,DET,9.0,0.0,16.0,10.0,7.0,10.0,-2.0,12.0,0.0,-2.0,6.0,0.0,5.0,4.0,5.0,12.0,6.0,9.0,6.3,107.0
217,Joshua Palmer,WR,LAC,1.4,4.3,14.6,10.7,0.0,10.0,18.3,5.4,0.0,0.0,0.0,0.0,0.0,0.0,21.3,9.7,0.0,11.0,9.7,106.7
218,Zach Charbonnet,RB,SEA,1.1,5.0,5.5,5.0,0.0,3.9,0.0,8.4,2.3,10.2,12.9,9.8,16.9,5.8,1.6,0.6,9.1,8.0,6.6,106.1
219,Will Levis,QB,TEN,0.0,0.0,0.0,0.0,0.0,0.0,0.0,26.6,9.7,7.0,12.5,7.1,11.5,17.6,15.5,0.0,-1.4,0.0,11.8,106.0
219,Jaleel McLaughlin,RB,DEN,0.3,6.5,1.5,19.4,17.9,6.2,5.6,5.9,0.0,3.2,6.5,0.4,4.1,4.2,3.8,10.7,9.2,0.6,6.2,106.0
221,Rondale Moore,WR,ATL,7.5,2.4,16.2,0.0,10.6,6.6,4.6,4.1,1.8,9.3,12.4,5.5,1.6,0.0,2.8,5.6,6.4,7.6,6.2,105.0
222,Roschon Johnson,RB,CHI,17.5,6.2,6.9,2.5,1.9,0.0,0.0,6.1,2.5,7.2,3.0,12.5,0.0,0.6,10.0,8.3,14.9,2.0,6.8,102.1
223,Tennessee Titans,DST,TEN,9.0,3.0,5.0,12.0,1.0,5.0,0.0,8.0,1.0,6.0,0.0,10.0,9.0,9.0,13.0,4.0,2.0,5.0,6.0,102.0
223,Joey Slye,K,NE,8.0,11.0,5.0,7.0,8.0,6.0,1.0,9.0,8.0,10.0,8.0,5.0,1.0,0.0,2.0,4.0,5.0,4.0,6.0,102.0
225,Noah Brown,WR,HOU,4.9,0.0,0.0,0.0,0.0,5.7,0.0,8.7,27.3,24.2,0.0,0.0,0.0,0.0,22.2,6.8,1.8,0.0,10.2,101.6
226,Christian Watson,WR,GB,0.0,0.0,0.0,10.5,11.6,0.0,5.7,6.3,4.7,4.3,10.2,20.4,27.6,0.0,0.0,0.0,0.0,0.0,11.3,101.3
227,Isaiah Likely,TE,BAL,1.4,1.8,3.0,0.0,0.0,0.0,0.0,2.0,8.2,1.5,0.0,8.0,0.0,19.3,18.0,8.6,18.2,11.1,5.9,101.1
228,Ty Chandler,RB,MIN,2.8,2.9,4.1,0.0,1.5,0.0,2.2,0.0,0.0,10.5,15.0,2.1,0.0,7.2,24.7,7.7,9.4,10.9,6.3,101.0
228,Philadelphia Eagles,DST,PHI,13.0,7.0,12.0,5.0,5.0,6.0,10.0,2.0,7.0,0.0,6.0,4.0,-2.0,10.0,3.0,4.0,5.0,4.0,5.9,101.0
230,Kendrick Bourne,WR,NE,24.4,6.9,8.6,5.6,6.3,19.3,16.3,12.6,0.0,0.0,0.0,0.0,0.0,0.0,0.0,0.0,0.0,0.0,12.5,100.0
231,Juwan Johnson,TE,NO,6.6,3.3,3.2,0.0,0.0,0.0,0.0,1.5,13.9,1.2,0.0,8.5,0.0,3.0,11.8,14.8,23.0,7.0,7.5,97.8
232,Kalif Raymond,WR,DET,3.0,13.7,9.5,4.8,7.5,5.6,4.0,4.2,0.0,6.6,1.5,14.6,0.9,4.5,2.2,5.7,2.1,7.0,5.7,97.4
233,Kenneth Gainwell,RB,PHI,11.4,0.0,5.8,6.1,3.4,2.7,7.6,5.6,9.3,0.0,1.5,5.6,9.7,2.8,2.1,10.9,6.7,6.2,6.1,97.4
234,Nelson Agholor,WR,BAL,0.0,17.3,7.9,1.4,10.4,6.0,8.2,0.0,1.2,0.0,10.7,3.1,0.0,8.2,0.0,10.0,3.8,8.9,5.7,97.1
235,Tommy DeVito,QB,NYG,0.0,0.0,0.0,0.0,0.0,0.0,0.0,7.2,10.7,14.5,22.5,10.2,0.0,17.4,10.7,2.7,0.0,0.6,9.7,96.5
236,Trey Palmer,WR,TB,8.8,3.0,1.8,8.6,0.0,6.7,1.5,5.2,8.1,4.1,6.8,5.7,4.5,1.8,1.5,8.2,16.4,3.0,5.6,95.7
237,Alec Pierce,WR,IND,1.5,4.8,7.3,4.8,2.0,5.5,8.3,7.1,0.0,3.1,0.0,6.7,19.0,4.2,2.3,6.0,12.8,0.0,5.6,95.4
238,Atlanta Falcons,DST,ATL,12.0,1.0,3.0,3.0,1.0,5.0,11.0,3.0,9.0,4.0,0.0,12.0,14.0,0.0,7.0,12.0,-1.0,-1.0,5.6,95.0
239,Quentin Johnston,WR,LAC,2.9,1.7,3.0,2.8,0.0,0.0,3.0,10.0,3.6,13.4,4.1,1.7,10.2,12.1,10.3,5.0,5.9,4.3,5.5,94.0
240,Riley Patterson,K,WAS,3.0,7.0,8.0,10.0,6.0,8.0,0.0,17.0,0.0,12.0,3.0,0.0,9.0,1.0,0.0,0.0,7.0,2.0,6.2,93.0
241,Rico Dowdle,RB,DAL,2.4,5.3,13.6,2.7,1.5,1.2,0.0,4.5,0.8,13.9,4.0,9.6,3.2,12.2,3.2,0.4,0.0,13.0,5.7,91.5
242,D'Onta Foreman,RB,CLE,4.4,0.0,0.0,0.0,0.0,7.7,33.0,4.6,8.3,17.2,7.4,0.0,0.0,9.2,-0.6,0.0,0.0,0.0,10.1,91.2
243,Deshaun Watson,QB,CLE,21.7,12.6,21.2,0.0,0.0,0.0,-0.8,0.0,19.0,17.2,0.0,0.0,0.0,0.0,0.0,0.0,0.0,0.0,15.1,90.8
244,Tyrod Taylor,QB,NYJ,0.2,0.0,0.2,0.0,4.8,10.4,21.7,3.6,0.0,0.0,0.0,0.0,0.0,0.0,0.5,10.4,19.8,18.7,9.0,90.3
245,Michael Thomas,WR,FA,11.1,12.5,11.0,9.3,10.5,9.5,13.2,10.8,0.0,1.9,0.0,0.0,0.0,0.0,0.0,0.0,0.0,0.0,9.0,89.8
246,Robert Woods,WR,HOU,11.7,13.4,6.4,5.6,6.0,7.6,0.0,0.0,0.0,2.5,9.4,6.0,0.0,0.8,6.0,4.1,9.8,0.0,6.4,89.3
247,Justin Watson,WR,KC,6.5,7.2,7.1,1.5,7.6,0.0,0.0,6.2,3.5,0.0,16.3,7.3,0.0,2.8,4.1,13.8,5.1,0.0,5.6,89.0
248,Michael Gallup,WR,FA,2.0,1.3,15.2,11.0,3.5,5.4,0.0,4.0,3.9,15.0,6.1,2.3,0.0,13.8,1.9,2.4,0.0,0.0,5.2,87.8
249,Miles Sanders,RB,CAR,11.8,7.7,17.2,6.2,1.2,0.0,0.0,0.0,9.1,3.0,6.2,2.8,3.9,7.4,3.3,1.8,4.2,1.8,5.5,87.6
250,Demarcus Robinson,WR,LAR,0.0,0.0,0.0,0.0,0.0,0.0,0.0,0.0,2.5,0.0,4.4,3.3,15.5,13.6,14.7,20.2,13.2,0.0,9.7,87.4
251,Ryan Tannehill,QB,FA,5.4,21.0,4.2,13.7,10.8,2.0,0.0,0.0,0.0,0.0,0.0,0.0,0.0,0.0,0.0,9.8,6.7,13.4,9.7,87.0
252,Nick Westbrook-Ikhine,WR,TEN,9.8,11.5,0.0,16.1,1.9,5.5,0.0,10.3,3.3,1.9,1.7,8.1,3.8,6.8,4.3,0.0,0.0,0.0,6.5,85.0
253,Jonathan Mingo,WR,CAR,3.7,5.6,5.1,0.0,9.8,4.1,0.0,10.2,1.5,5.0,1.6,10.0,12.9,4.2,7.2,1.9,2.0,0.0,5.7,84.8
254,Jerick McKinnon,RB,FA,2.0,5.2,17.8,0.7,4.5,5.0,4.6,1.8,10.4,0.0,3.5,0.0,0.0,12.7,16.2,0.0,0.0,0.0,7.0,84.4
255,Los Angeles Rams,DST,LAR,6.0,0.0,5.0,4.0,3.0,10.0,2.0,1.0,9.0,0.0,5.0,5.0,7.0,2.0,6.0,4.0,8.0,6.0,4.9,83.0
256,Latavius Murray,RB,FA,2.7,11.1,9.1,7.6,1.7,4.5,4.8,2.1,2.0,14.9,3.5,7.8,0.0,4.0,7.1,0.0,0.0,0.0,5.2,82.9
257,Dameon Pierce,RB,HOU,6.7,5.5,14.9,11.8,9.2,3.4,0.0,4.6,0.0,0.0,0.0,2.8,10.1,1.7,0.3,8.6,3.1,0.0,5.9,82.7
258,Chad Ryland,K,NE,2.0,6.0,10.0,3.0,0.0,6.0,12.0,5.0,6.0,6.0,0.0,1.0,0.0,3.0,5.0,10.0,3.0,3.0,4.8,81.0
259,Jameson Williams,WR,DET,0.0,0.0,0.0,0.0,2.2,13.3,0.0,3.6,0.0,3.8,12.4,7.1,10.0,0.4,8.7,9.3,9.5,0.0,6.7,80.3
260,Tanner Hudson,TE,CIN,0.0,0.0,5.0,3.8,0.0,0.0,0.0,0.0,8.5,9.3,8.9,5.8,7.5,10.1,9.9,1.5,6.8,3.1,6.7,80.2
261,Donald Parham Jr.,TE,LAC,11.2,1.7,14.4,0.0,0.0,3.9,1.9,14.3,0.0,3.8,9.7,0.0,3.2,2.1,0.0,0.0,0.0,13.3,5.7,79.5
262,Darnell Mooney,WR,ATL,15.3,0.0,0.0,9.1,0.0,6.8,7.4,5.4,13.2,3.4,3.4,2.6,0.0,6.4,3.4,2.5,0.0,0.0,5.6,78.9
263,Tucker Kraft,TE,GB,0.0,0.0,0.0,2.5,0.0,0.0,0.0,0.0,0.0,1.6,5.2,9.5,6.7,10.4,15.7,10.0,10.8,6.1,5.6,78.5
264,Bailey Zappe,QB,NE,0.0,0.0,0.0,2.3,0.9,0.0,0.0,0.0,0.0,0.0,0.0,1.2,7.2,21.9,10.4,16.4,15.1,2.8,7.8,78.2
265,Zay Jones,WR,ARI,16.5,0.0,0.0,0.0,11.3,0.0,0.0,0.0,0.0,0.0,6.0,2.0,12.8,7.9,10.9,0.0,0.0,10.7,8.7,78.1
266,Brett Maher,K,FA,15.0,13.0,11.0,16.0,2.0,15.0,4.0,0.0,0.0,0.0,0.0,0.0,0.0,0.0,0.0,0.0,0.0,1.0,9.6,77.0
267,Pat Freiermuth,TE,PIT,7.3,1.2,13.1,3.7,0.0,0.0,0.0,0.0,0.0,0.0,1.7,21.0,5.9,6.8,4.6,0.0,7.4,4.1,6.4,76.8
268,Rashod Bateman,WR,BAL,6.5,4.8,1.6,0.0,1.8,3.5,5.6,7.2,5.8,4.5,8.0,4.1,0.0,4.4,6.9,2.4,9.4,0.0,4.8,76.5
269,Luke Musgrave,TE,GB,8.0,4.5,10.9,1.1,9.4,0.0,7.0,2.9,14.1,8.4,6.8,0.0,0.0,0.0,0.0,0.0,0.0,2.1,6.8,75.2
270,Nick Mullens,QB,MIN,0.0,0.0,0.0,0.0,0.0,0.0,0.0,0.0,0.0,0.0,0.0,0.0,0.0,3.3,19.1,20.5,9.1,22.6,14.9,74.7
271,Zamir White,RB,LV,1.7,0.2,0.0,1.5,0.0,2.9,5.8,0.0,-0.2,0.5,0.0,0.0,0.0,0.8,17.5,14.5,15.6,13.1,5.3,73.9
272,Anthony Richardson,QB,IND,21.9,17.7,0.0,29.6,4.4,0.0,0.0,0.0,0.0,0.0,0.0,0.0,0.0,0.0,0.0,0.0,0.0,0.0,18.4,73.7
273,Brandon Johnson,WR,DEN,5.1,20.6,3.2,7.4,1.9,0.0,0.0,0.0,0.0,0.0,0.0,0.0,0.0,0.0,0.0,15.7,6.7,12.8,5.6,73.4
273,Noah Fant,TE,SEA,0.0,9.6,8.1,8.3,0.0,1.9,3.5,5.2,0.0,2.6,1.4,4.5,7.3,5.5,4.6,0.0,10.9,0.0,4.6,73.4
275,Emari Demercado,RB,ARI,0.0,2.5,0.2,5.4,12.7,2.7,11.5,8.9,0.0,0.0,0.0,1.5,0.0,0.0,14.0,12.0,1.9,0.0,5.6,73.3
276,Jimmy Garoppolo,QB,LAR,16.1,9.5,20.7,0.0,11.7,9.9,0.0,5.2,0.0,0.0,0.0,0.0,0.0,0.0,0.0,0.0,0.0,0.0,10.4,73.1
277,Kylen Granson,TE,IND,7.9,10.6,2.9,4.4,3.5,9.7,0.0,0.0,0.0,1.5,0.0,0.0,10.4,3.7,1.6,11.2,2.3,3.3,4.9,73.0
278,DeVante Parker,WR,FA,0.0,11.7,3.9,5.3,4.0,1.7,1.8,2.4,0.0,0.0,0.0,7.2,10.4,0.0,9.4,10.5,2.5,1.6,5.6,72.4
279,Tre Tucker,WR,LV,0.0,3.4,0.0,0.0,1.6,8.1,3.8,0.0,7.6,0.9,5.0,0.0,0.0,0.0,20.7,1.1,5.6,14.0,5.1,71.8
280,Durham Smythe,TE,MIA,7.4,5.3,2.5,8.1,0.0,0.0,0.0,5.8,4.7,0.0,0.0,2.0,0.0,3.6,7.2,10.6,8.4,6.0,4.5,71.6
281,Michael Mayer,TE,LV,0.0,1.2,2.0,0.0,5.9,12.5,3.3,2.9,3.1,10.9,8.6,4.7,0.0,2.4,13.9,0.0,0.0,0.0,5.5,71.4
282,Carolina Panthers,DST,CAR,4.0,7.0,0.0,13.0,-2.0,4.0,0.0,8.0,4.0,7.0,0.0,2.0,3.0,3.0,8.0,0.0,3.0,7.0,4.2,71.0
283,Marvin Mims Jr.,WR,DEN,2.9,20.3,16.6,6.7,-0.6,0.0,-1.1,1.0,0.0,-0.3,3.2,5.5,2.3,3.1,1.1,7.3,0.0,2.7,4.4,70.7
284,Noah Gray,TE,KC,6.1,6.8,1.9,10.4,4.1,3.5,1.8,4.5,6.4,0.0,0.0,6.0,7.2,0.0,5.7,1.5,4.7,0.0,4.2,70.6
285,Clyde Edwards-Helaire,RB,KC,3.9,3.7,12.7,2.3,0.4,2.6,0.5,0.4,0.0,0.0,2.0,0.5,2.4,8.8,20.1,7.8,0.0,2.0,4.7,70.1
286,Taylor Heinicke,QB,ATL,0.0,0.0,0.0,0.0,0.0,0.0,0.0,12.4,15.7,9.6,0.0,0.0,0.0,0.0,0.0,14.2,18.1,0.0,14.0,70.0
286,Lucas Havrisik,K,FA,0.0,0.0,0.0,0.0,0.0,0.0,0.0,7.0,5.0,0.0,5.0,7.0,11.0,13.0,8.0,12.0,2.0,0.0,7.8,70.0
288,Keaton Mitchell,RB,BAL,0.0,0.0,0.0,0.0,0.0,0.0,1.9,0.0,20.4,13.6,5.1,10.9,0.0,7.2,10.8,0.0,0.0,0.0,10.0,69.9
289,Cedrick Wilson Jr.,WR,NO,0.0,0.0,0.0,2.6,9.2,0.0,6.8,7.1,10.1,0.0,5.3,0.0,0.0,5.0,2.2,7.2,10.7,3.4,5.0,69.6
290,Chris Moore,WR,ARI,0.0,5.9,6.1,5.4,0.0,1.6,0.0,0.0,3.9,4.1,9.7,7.2,2.2,3.2,6.9,1.9,4.2,6.0,4.0,68.3
291,Easton Stick,QB,LAC,0.0,0.0,0.0,0.0,0.0,0.0,0.0,0.0,0.0,0.0,0.0,0.0,0.0,5.2,18.4,16.6,11.9,16.0,13.6,68.1
292,Brandon Powell,WR,MIN,0.0,-2.0,1.5,0.0,9.2,4.9,10.9,2.2,9.5,7.5,6.2,7.7,0.0,0.0,0.0,8.3,0.0,1.2,3.9,67.1
293,Mike Gesicki,TE,CIN,6.6,8.3,2.8,2.2,3.7,5.8,8.5,3.1,0.0,4.2,0.0,0.0,0.0,0.0,1.7,9.5,7.5,1.5,3.8,65.4
294,Arizona Cardinals,DST,ARI,19.0,4.0,5.0,-3.0,4.0,5.0,9.0,3.0,1.0,3.0,10.0,-2.0,6.0,0.0,-4.0,3.0,2.0,0.0,3.8,65.0
295,Greg Dortch,WR,ARI,0.0,0.0,0.0,0.0,0.0,0.0,0.0,0.0,1.2,0.0,13.6,11.7,2.9,0.0,4.0,12.5,15.2,3.4,4.0,64.5
296,Washington Commanders,DST,WAS,11.0,10.0,1.0,8.0,-1.0,10.0,9.0,2.0,3.0,0.0,9.0,-4.0,-4.0,0.0,6.0,3.0,1.0,0.0,3.8,64.0
297,Daniel Jones,QB,NYG,6.5,31.7,5.0,10.7,7.2,0.0,0.0,0.0,1.9,0.0,0.0,0.0,0.0,0.0,0.0,0.0,0.0,0.0,10.5,63.0
298,Trenton Irwin,WR,CIN,0.0,0.0,0.0,2.7,14.0,0.0,0.0,4.4,0.0,13.4,6.6,3.5,3.5,0.0,0.0,7.7,1.4,5.4,4.2,62.6
299,Allen Robinson II,WR,NYG,11.4,3.2,6.4,1.8,7.9,0.0,1.7,0.0,2.0,0.0,5.0,2.1,4.9,3.1,4.9,7.6,0.0,0.0,3.6,62.0
300,Colby Parkinson,TE,LAR,1.8,6.1,6.8,0.0,0.0,4.9,4.6,0.0,1.6,1.3,0.0,1.9,0.0,10.8,1.6,10.7,5.8,3.8,3.6,61.7
301,Joshua Kelley,RB,FA,15.1,3.9,2.7,6.5,0.0,1.4,13.5,2.1,3.2,1.6,1.3,3.4,4.5,0.6,1.8,-0.2,0.2,0.1,3.6,61.7
302,JuJu Smith-Schuster,WR,NE,7.3,7.8,1.5,2.4,3.6,0.0,0.0,7.3,11.1,1.9,0.0,3.0,2.1,13.0,0.0,0.0,0.0,0.0,5.5,61.0
303,Jamaal Williams,RB,NO,7.2,2.9,0.0,0.0,0.0,0.0,1.4,4.8,3.2,2.0,0.0,3.0,2.6,4.3,3.6,2.3,11.1,12.4,4.7,60.8
304,A.T. Perry,WR,NO,0.0,0.0,0.0,0.0,0.0,0.0,0.0,0.0,0.0,11.8,0.0,1.7,4.0,5.4,5.4,10.5,1.5,20.3,6.1,60.6
305,Tommy Tremble,TE,CAR,0.0,0.0,2.5,0.0,7.1,4.5,0.0,8.4,3.2,4.6,7.4,1.7,0.0,1.2,5.2,9.9,1.6,3.1,4.0,60.4
306,Adam Trautman,TE,DEN,8.4,0.0,0.0,0.0,12.6,1.4,1.5,0.0,0.0,3.5,5.3,7.8,1.6,9.9,3.4,0.0,1.9,3.1,3.6,60.4
307,Jalin Hyatt,WR,NYG,0.0,10.9,0.0,3.0,0.0,5.1,9.5,0.0,3.9,0.0,1.7,15.9,0.0,3.3,0.0,0.0,5.5,1.5,3.8,60.3
308,Allen Lazard,WR,NYJ,6.6,4.3,6.9,15.1,6.3,1.8,0.0,7.5,3.8,2.7,0.0,0.0,0.0,0.0,5.1,0.0,0.0,0.0,4.3,60.1
309,Isaiah Hodgins,WR,NYG,1.4,14.0,0.0,5.4,3.9,0.0,3.3,0.0,0.0,0.0,4.2,8.2,0.0,10.2,0.0,0.0,2.8,6.6,3.5,60.0
310,KaVontae Turpin,WR,DAL,10.5,2.5,0.0,6.1,9.6,0.0,0.0,2.3,7.5,0.0,4.3,10.4,2.0,2.2,0.0,1.8,0.0,0.5,3.7,59.7
311,Tyson Bagent,QB,CHI,0.0,0.0,0.0,0.0,0.0,6.7,12.9,13.2,18.8,7.7,0.0,0.0,0.0,0.0,0.0,0.0,0.0,0.0,11.9,59.3
312,Michael Carter,RB,ARI,3.8,2.1,1.3,4.1,5.2,0.5,0.0,0.2,8.4,0.0,0.0,7.4,2.5,0.0,6.7,0.0,13.7,2.9,3.9,58.8
312,Jalen Tolbert,WR,DAL,0.0,4.8,0.0,9.3,0.0,-2.0,0.0,0.0,13.9,2.2,3.2,6.9,2.7,0.0,0.0,7.1,1.9,8.8,3.7,58.8
314,Xavier Gipson,WR,NYJ,6.0,0.0,0.0,2.7,-2.0,1.8,0.0,0.3,5.2,3.4,-0.3,3.5,12.8,8.2,4.9,2.7,8.1,1.4,3.5,58.7
315,Braxton Berrios,WR,MIA,7.2,4.8,5.3,17.4,3.3,4.0,1.7,2.8,0.0,0.0,0.0,0.0,0.0,3.3,2.2,0.0,3.0,2.9,3.6,57.9
316,Jake Bobo,WR,SEA,0.0,1.3,7.5,0.0,0.0,6.3,16.1,10.6,0.0,3.3,1.8,1.6,1.9,0.0,1.4,1.8,1.4,1.9,3.6,56.9
317,Marquez Valdes-Scantling,WR,BUF,6.8,3.3,4.7,1.6,2.2,0.0,17.4,2.7,4.2,0.0,0.0,0.9,4.5,4.2,2.7,0.0,1.3,0.0,3.5,56.5
318,Dawson Knox,TE,BUF,5.5,10.0,2.1,2.2,4.7,4.7,4.0,0.0,0.0,0.0,0.0,0.0,0.0,6.6,0.0,4.6,0.0,10.2,4.6,54.6
319,Skyy Moore,WR,KC,0.4,16.0,8.2,1.9,3.1,4.2,3.5,1.8,5.3,0.0,1.4,6.4,1.5,0.0,0.0,0.0,0.0,0.0,3.8,53.7
320,Mitchell Trubisky,QB,BUF,0.0,0.0,0.0,0.7,0.0,0.0,0.0,9.3,0.0,0.0,0.0,0.0,7.2,21.6,14.9,0.0,0.0,0.0,10.7,53.7
321,Chase Brown,RB,CIN,0.0,0.2,0.0,0.7,1.2,2.2,0.0,0.0,0.0,0.0,0.0,0.0,6.1,19.5,8.1,4.4,4.8,6.3,4.5,53.5
322,Josh Oliver,TE,MIN,6.2,3.3,8.4,0.0,0.5,0.0,2.6,0.0,2.1,0.0,14.7,0.0,0.0,0.0,3.4,4.3,2.7,5.1,3.1,53.3
323,Kadarius Toney,WR,KC,1.0,8.8,0.9,4.2,7.7,9.4,2.3,1.1,2.8,0.0,4.6,0.0,0.6,7.1,2.5,0.0,0.0,0.0,4.1,53.0
324,Calvin Austin III,WR,PIT,9.7,1.8,15.2,5.9,0.0,0.0,0.1,4.9,1.0,1.9,0.0,1.5,2.0,1.2,0.0,6.7,0.0,0.8,3.1,52.7
325,Zach Ertz,TE,WAS,8.1,11.6,2.6,11.3,9.0,4.2,4.9,0.0,0.0,0.0,0.0,0.0,0.0,0.0,0.0,0.0,0.0,0.0,7.4,51.7
326,Jauan Jennings,WR,SF,0.0,7.1,5.1,0.0,2.9,4.6,10.4,0.0,0.0,1.8,0.0,1.7,13.4,0.0,4.5,0.0,0.0,0.0,4.0,51.5
327,Brevin Jordan,TE,HOU,0.0,4.7,9.3,0.0,0.0,2.1,0.0,0.0,0.0,0.0,0.0,1.9,9.4,6.5,2.4,4.7,9.9,0.0,3.9,50.9
328,Andrei Iosivas,WR,CIN,0.0,0.0,0.0,0.0,1.9,7.3,0.0,7.2,1.9,0.0,0.0,2.6,0.0,0.0,1.5,7.6,0.0,20.6,3.6,50.6
329,Daniel Bellinger,TE,NYG,1.1,0.0,1.8,1.6,1.7,0.0,0.0,0.0,7.3,5.4,6.8,1.8,0.0,3.5,3.3,8.3,7.9,0.0,3.0,50.5
330,Drew Sample,TE,CIN,0.0,0.0,1.7,0.9,0.0,1.4,0.0,0.0,12.0,3.2,3.9,8.1,2.1,2.4,0.0,6.8,5.1,2.7,3.0,50.3
331,Mike Williams,WR,NYJ,8.5,16.6,25.1,0.0,0.0,0.0,0.0,0.0,0.0,0.0,0.0,0.0,0.0,0.0,0.0,0.0,0.0,0.0,16.7,50.2
332,Graham Gano,K,NYG,0.0,7.0,9.0,5.0,13.0,10.0,2.0,4.0,0.0,0.0,0.0,0.0,0.0,0.0,0.0,0.0,0.0,0.0,6.3,50.0
333,Mo Alie-Cox,TE,IND,0.0,2.5,0.0,10.5,2.7,0.0,0.4,2.1,0.0,0.0,0.0,4.0,0.0,7.2,10.1,0.0,3.8,5.8,3.1,49.1
334,David Bell,WR,CLE,0.0,5.7,0.0,0.0,0.0,1.6,0.0,0.0,0.0,0.0,0.0,0.0,3.2,11.1,0.0,1.6,2.7,22.8,3.7,48.7
335,Hunter Renfrow,WR,FA,0.0,3.3,3.7,3.2,1.7,0.0,3.4,3.9,5.2,1.5,9.2,7.8,0.0,5.6,0.0,0.0,0.0,0.0,3.0,48.5
336,Austin Hooper,TE,NE,3.0,4.0,0.0,2.1,3.1,3.9,3.8,3.9,2.0,1.7,0.0,2.4,0.0,1.5,0.0,3.3,5.8,7.9,3.0,48.4
337,Elijah Mitchell,RB,SF,1.0,0.0,7.4,0.0,0.0,-0.3,-0.1,0.2,0.0,2.3,2.4,4.6,1.3,0.0,0.0,0.0,14.0,14.7,4.3,47.5
338,Lil'Jordan Humphrey,WR,DEN,9.1,1.4,0.0,2.1,0.0,0.0,0.0,0.0,0.0,2.4,0.0,2.3,2.2,2.2,10.6,0.0,14.9,0.0,3.0,47.2
339,Matt Breida,RB,FA,1.6,0.5,10.8,12.8,3.4,1.3,1.9,2.7,2.1,0.3,-0.1,2.6,0.0,1.6,4.1,1.3,0.0,0.0,2.8,46.9
340,Cam Akers,RB,HOU,8.9,0.0,0.0,7.1,3.8,2.5,8.1,9.5,6.8,0.0,0.0,0.0,0.0,0.0,0.0,0.0,0.0,0.0,6.7,46.7
341,Foster Moreau,TE,NO,0.0,4.0,0.0,0.0,7.6,7.3,6.3,0.0,3.3,0.0,0.0,0.0,4.8,2.8,4.3,2.3,2.3,1.3,3.3,46.3
342,Royce Freeman,RB,DAL,0.0,0.0,0.0,0.0,0.0,0.0,6.6,10.4,3.2,0.0,7.3,13.7,0.0,0.9,1.6,0.0,0.0,2.5,4.2,46.2
343,Bo Melton,WR,GB,0.0,0.0,0.0,0.0,0.0,0.0,0.0,0.0,0.0,0.0,0.0,0.0,0.0,0.0,1.7,9.1,22.5,12.6,9.2,45.9
344,Alex Erickson,WR,FA,0.0,0.0,0.0,0.0,0.0,0.0,0.0,0.0,0.0,0.0,2.2,2.7,3.3,1.9,8.3,5.1,16.8,4.9,5.7,45.2
345,Jordan Mason,RB,SF,0.0,0.0,1.1,3.3,12.9,8.7,0.0,0.0,0.0,0.0,0.0,0.0,1.0,9.6,2.0,0.0,0.3,5.8,2.8,44.7
346,Cedric Tillman,WR,CLE,0.0,0.0,0.0,1.5,0.0,0.0,0.0,0.0,1.3,0.0,2.0,9.5,4.0,4.3,9.2,3.3,1.8,7.3,3.7,44.2
347,Darrell Henderson Jr.,RB,FA,0.0,0.0,0.0,0.0,0.0,0.0,13.6,11.5,5.5,0.0,12.9,0.0,0.0,0.0,0.0,0.0,0.0,0.0,10.9,43.5
348,Kendre Miller,RB,NO,0.0,0.0,4.4,1.8,13.0,2.2,0.0,2.9,4.1,0.0,0.0,0.0,0.0,0.0,0.0,0.0,0.0,14.9,5.4,43.3
349,Mack Hollins,WR,BUF,6.1,9.0,3.3,0.0,4.9,7.1,0.0,4.7,6.6,0.0,0.0,0.0,0.0,1.4,0.0,0.0,0.0,0.0,3.3,43.1
350,Salvon Ahmed,RB,MIA,1.1,7.1,0.0,0.0,0.0,12.4,1.3,5.7,3.2,0.0,12.1,0.0,0.0,0.0,0.0,0.0,0.0,0.0,5.4,42.9
351,Pierre Strong Jr.,RB,CLE,0.0,6.1,2.7,4.9,0.0,0.0,2.5,9.2,1.2,0.0,1.5,0.0,2.0,0.0,3.1,2.2,0.9,6.5,2.5,42.8
352,Hayden Hurst,TE,LAC,15.1,5.0,2.1,1.7,5.1,2.6,0.0,0.0,7.4,3.4,0.0,0.0,0.0,0.0,0.0,0.0,0.0,0.0,4.2,42.4
353,Jeff Wilson Jr.,RB,MIA,0.0,0.0,0.0,0.0,0.0,0.0,1.4,5.7,6.8,0.0,0.0,10.3,1.1,0.0,1.6,3.5,6.4,4.5,4.1,41.3
353,Van Jefferson,WR,PIT,6.4,1.9,6.0,4.9,0.0,0.0,1.5,5.4,2.4,0.0,0.0,2.3,0.0,0.0,0.0,2.3,4.9,3.3,2.4,41.3
355,Ameer Abdullah,RB,LV,0.0,1.5,3.6,3.4,2.5,0.0,0.0,2.9,4.5,1.4,1.4,2.3,0.0,3.9,6.5,2.2,3.2,1.7,2.4,41.0
356,Jamal Agnew,WR,FA,-0.2,1.5,6.9,0.0,0.1,0.0,7.5,0.0,0.0,0.0,0.0,0.0,0.0,0.0,15.0,2.2,7.3,0.0,3.7,40.3
357,Johnny Mundt,TE,MIN,0.0,0.0,0.0,0.0,2.1,0.0,0.0,1.8,2.8,2.8,0.0,0.0,0.0,1.4,1.3,3.3,13.9,10.8,2.9,40.2
357,Will Dissly,TE,LAC,3.7,6.5,0.0,0.0,0.0,1.4,0.0,0.0,0.0,4.2,1.9,3.1,0.0,1.3,2.9,1.6,0.0,13.6,2.7,40.2
357,Dalvin Cook,RB,FA,8.9,0.2,5.9,2.8,2.3,2.4,0.0,0.5,1.8,2.6,1.3,4.1,3.6,1.8,2.0,0.0,0.0,0.0,2.7,40.2
360,Deonte Harty,WR,BAL,4.3,2.4,3.3,3.0,8.2,7.3,2.0,0.0,0.0,0.0,-0.2,0.0,0.0,3.5,0.0,-2.0,0.0,8.2,2.5,40.0
361,Treylon Burks,WR,TEN,4.7,10.6,1.5,0.0,0.0,0.0,0.0,0.0,4.8,0.0,0.0,0.0,0.0,1.6,9.4,4.2,3.1,0.0,3.6,39.9
362,Connor Heyward,TE,PIT,3.9,0.0,0.0,0.0,5.3,0.0,4.3,7.4,3.6,6.2,0.0,3.1,0.0,3.5,0.0,0.0,0.0,2.4,2.3,39.7
363,Chase Edmonds,RB,TB,0.8,1.2,0.0,0.0,0.0,0.0,0.0,4.1,0.4,1.7,2.9,1.1,1.9,7.8,1.3,2.5,10.6,3.4,3.1,39.7
364,Mason Rudolph,QB,TEN,0.0,0.0,0.0,0.0,0.0,0.0,0.0,0.0,0.0,0.0,0.0,0.0,0.0,0.0,0.1,20.0,11.5,8.0,9.9,39.6
365,Parker Washington,WR,JAC,0.0,0.0,0.0,0.0,0.0,0.0,0.0,0.0,0.0,0.0,0.0,0.0,18.1,8.7,5.2,3.9,1.2,2.1,4.4,39.2
366,Scotty Miller,WR,PIT,0.0,0.0,0.0,0.0,3.0,1.4,5.6,9.4,0.0,7.2,0.0,1.4,0.0,0.0,0.0,2.5,0.0,8.6,2.6,39.1
367,Andrew Beck,TE,HOU,0.0,0.2,6.0,0.0,0.0,0.0,0.0,5.9,2.5,0.0,0.0,1.1,1.5,3.6,0.5,8.6,0.0,8.9,2.6,38.8
368,Will Mallory,TE,IND,0.0,6.9,0.0,0.0,0.0,0.0,0.0,1.6,0.0,1.7,0.0,4.9,2.4,9.6,0.0,8.7,2.9,0.0,3.2,38.7
369,Kyle Juszczyk,RB,SF,0.0,0.0,0.3,1.7,12.6,1.9,0.0,0.0,0.0,10.6,0.0,0.0,0.0,0.0,4.6,1.5,5.3,0.0,2.4,38.5
370,Olamide Zaccheaus,WR,WAS,0.0,0.0,13.8,2.1,0.0,1.5,0.0,1.5,1.8,0.0,0.0,9.9,0.0,3.8,0.0,0.0,0.0,4.0,2.6,38.4
371,Harrison Bryant,TE,LV,8.5,0.0,0.4,1.4,0.0,0.0,0.0,0.0,0.0,1.5,0.0,5.2,15.9,0.0,0.0,1.6,3.4,0.0,2.2,37.9
371,Chris Rodriguez Jr.,RB,WAS,0.7,0.0,0.0,0.0,0.0,2.3,3.1,0.0,0.0,0.0,3.8,2.1,2.9,0.0,3.5,19.5,0.0,0.0,3.8,37.9
373,Pharaoh Brown,TE,SEA,0.0,0.0,15.1,0.0,0.0,2.5,7.1,5.3,0.0,0.0,0.0,0.0,0.0,1.4,1.4,4.5,-0.5,1.0,2.7,37.8
374,KhaDarel Hodge,WR,ATL,0.0,0.0,2.5,3.9,2.1,0.0,2.9,10.5,9.0,0.0,0.0,0.0,0.0,2.8,2.0,1.5,0.0,0.0,2.3,37.2
375,Cordarrelle Patterson,RB,PIT,0.0,0.0,0.0,0.0,1.7,1.6,5.6,0.7,1.3,4.0,0.0,4.3,2.7,0.7,7.0,5.3,0.0,2.0,2.8,36.9
376,Julio Jones,WR,FA,0.0,0.0,0.0,0.0,0.0,0.0,1.3,7.8,0.0,0.0,2.5,1.0,0.0,0.0,1.6,1.5,17.4,3.3,3.3,36.4
377,Elijah Higgins,TE,ARI,0.0,0.0,0.0,0.0,0.0,0.0,1.0,0.0,0.0,0.0,1.2,3.6,3.1,0.0,14.4,3.7,4.1,5.2,3.3,36.3
378,Tyler Scott,WR,CHI,3.4,0.0,1.6,1.9,0.0,3.2,5.3,2.1,-0.5,4.1,-0.6,0.0,0.0,2.1,7.6,0.0,3.5,2.2,2.2,35.9
378,Jamison Crowder,WR,WAS,0.0,0.0,0.0,0.0,4.1,0.0,0.0,22.5,6.3,0.0,3.2,0.0,0.0,0.0,0.0,-2.0,0.0,1.8,2.2,35.9
380,Derius Davis,WR,LAC,1.5,1.0,1.3,8.7,0.0,0.0,3.4,2.4,7.0,2.7,0.7,1.1,0.0,0.0,-1.2,2.4,0.2,4.5,2.1,35.7
381,Drew Ogletree,TE,IND,3.0,0.0,2.1,13.8,3.6,0.0,0.0,10.3,2.9,0.0,0.0,0.0,0.0,0.0,0.0,0.0,0.0,0.0,3.0,35.7
382,Quez Watkins,WR,PIT,3.7,0.0,0.0,0.0,2.4,0.0,0.0,0.0,0.0,0.0,0.0,0.0,5.8,0.0,0.0,0.0,0.0,23.3,4.4,35.2
383,Dyami Brown,WR,WAS,0.0,5.5,0.0,7.1,2.1,0.0,0.0,0.0,5.3,12.1,1.7,0.0,1.0,0.0,0.0,0.0,0.0,0.2,2.1,35.0
384,Deven Thompkins,WR,CAR,3.0,1.1,2.6,15.6,0.0,2.3,2.4,0.0,0.0,2.1,1.7,0.0,2.1,0.0,-0.1,0.0,1.0,1.1,2.1,34.9
385,D'Ernest Johnson,RB,JAC,-0.4,2.7,3.2,-0.2,0.0,1.9,0.0,0.8,0.0,6.0,6.4,7.1,1.9,4.8,0.5,0.2,0.0,-0.1,2.0,34.8
386,John Bates,TE,WAS,0.0,7.6,3.2,1.6,3.9,0.0,0.0,2.7,0.5,5.1,3.5,0.0,0.0,0.0,0.0,4.4,1.6,0.0,2.0,34.1
387,Jimmy Graham,TE,FA,0.0,0.0,7.8,0.0,0.0,0.0,0.0,0.0,0.0,0.0,0.0,0.0,7.6,9.6,8.9,0.0,0.0,0.0,3.1,33.9
388,Irv Smith Jr.,TE,KC,4.7,3.0,0.0,0.0,0.0,1.5,0.0,4.5,11.6,1.6,0.0,2.8,0.0,0.0,3.8,0.0,0.0,0.0,2.8,33.5
388,Malik Heath,WR,GB,0.0,0.0,0.0,0.0,0.0,0.0,0.0,0.0,0.0,0.0,1.7,8.6,2.5,7.6,5.9,1.0,2.3,3.9,2.6,33.5
390,Terrace Marshall Jr.,WR,CAR,4.3,0.0,8.5,14.6,0.0,0.0,0.0,1.9,0.0,2.1,0.0,0.0,0.0,0.0,0.0,0.0,0.0,1.5,4.1,32.9
391,Ihmir Smith-Marsette,WR,CAR,0.0,0.0,0.0,0.0,0.0,0.0,0.0,0.0,0.0,6.0,0.0,2.4,0.0,1.0,5.2,12.1,4.2,1.6,1.9,32.5
391,Stone Smartt,TE,LAC,0.0,3.4,0.0,0.0,0.0,0.0,1.5,0.0,0.0,0.0,12.1,0.0,0.0,0.0,4.5,3.3,4.3,3.4,2.3,32.5
393,Ty Johnson,RB,BUF,0.0,0.0,0.0,0.0,0.0,0.0,0.0,0.0,0.0,0.2,14.8,1.9,0.0,4.1,6.8,0.0,2.2,2.4,3.6,32.4
394,John Metchie III,WR,HOU,0.0,2.7,3.3,3.2,4.0,0.0,0.0,0.0,2.4,4.5,2.2,1.6,1.9,1.6,1.1,0.0,2.2,1.5,2.0,32.2
394,Tony Jones Jr.,RB,ARI,0.5,15.4,9.2,0.0,0.0,0.0,0.0,0.0,2.7,1.3,3.1,0.0,0.0,0.0,0.0,0.0,0.0,0.0,5.4,32.2
396,Drew Lock,QB,NYG,0.0,0.0,0.0,3.6,0.0,0.0,0.0,0.0,0.0,0.0,-0.9,0.0,0.0,17.3,12.1,0.0,0.0,0.0,8.0,32.1
397,Kyle Philips,WR,TEN,0.0,0.0,0.0,0.0,0.0,-0.4,0.0,5.4,10.8,9.1,2.0,0.7,0.0,0.0,0.0,0.0,0.0,3.5,3.5,31.1
398,Jeremy Ruckert,TE,NYJ,0.0,0.0,0.0,4.6,1.2,1.8,0.0,0.0,1.7,0.0,5.5,3.8,2.2,6.7,3.6,0.0,0.0,0.0,2.6,31.1
399,Trevor Siemian,QB,FA,0.0,0.0,0.0,0.0,0.0,0.0,0.0,0.0,0.0,0.0,0.0,0.0,1.4,0.0,0.4,11.5,14.7,2.9,6.2,31.0
400,Ronnie Bell,WR,SF,0.0,0.0,10.4,1.7,0.0,0.0,0.0,0.0,0.0,3.0,0.0,0.0,0.0,0.0,0.0,8.2,0.0,7.5,1.9,30.8
401,Parris Campbell,WR,PHI,1.2,6.1,8.4,4.5,4.3,0.0,0.0,0.0,3.5,1.6,0.0,0.8,0.0,0.0,0.0,0.0,0.0,0.0,2.5,30.4
402,Darrynton Evans,RB,BUF,0.0,0.0,0.0,0.0,0.0,4.4,6.4,13.0,4.1,0.5,0.0,1.6,0.0,0.0,0.0,0.0,0.0,0.0,5.0,30.0
402,Patrick Taylor Jr.,RB,SF,2.2,0.1,5.9,0.0,2.7,0.0,0.0,0.0,0.0,0.0,0.0,2.5,2.9,7.2,2.2,1.3,3.0,0.0,2.7,30.0
404,Craig Reynolds,RB,DET,0.0,1.5,1.5,0.0,11.2,6.3,3.5,7.6,0.0,0.0,-2.0,0.0,0.0,0.0,0.0,0.0,0.0,0.0,2.0,29.6
405,Randy Bullock,K,FA,0.0,0.0,0.0,0.0,0.0,0.0,0.0,0.0,0.0,6.0,7.0,5.0,0.0,6.0,5.0,0.0,0.0,0.0,4.8,29.0
405,Matt Ammendola,K,FA,0.0,0.0,0.0,0.0,0.0,0.0,0.0,0.0,0.0,13.0,3.0,3.0,10.0,0.0,0.0,0.0,0.0,0.0,5.8,29.0
407,Jalen Reagor,WR,NE,0.0,0.0,0.0,0.0,0.0,0.0,2.1,0.0,2.1,0.0,0.0,0.0,2.1,0.0,0.0,5.3,10.9,6.0,2.6,28.5
407,Donovan Peoples-Jones,WR,DET,2.2,1.7,7.9,1.7,0.0,0.0,4.2,0.0,0.0,0.0,0.0,0.0,0.0,2.7,1.5,2.1,0.0,4.5,1.9,28.5
407,Luke Farrell,TE,JAC,0.0,0.0,1.4,3.0,2.6,0.0,0.0,1.5,0.0,0.0,4.1,8.5,1.9,0.0,3.8,0.0,1.7,0.0,1.9,28.5
407,Ray-Ray McCloud III,WR,ATL,0.0,0.0,0.0,4.2,1.1,3.7,4.0,6.3,0.0,0.0,0.0,3.3,0.0,0.0,0.0,0.0,0.0,5.9,2.4,28.5
411,Jordan Akins,TE,CLE,2.2,1.2,0.0,1.6,0.0,0.0,0.0,1.6,2.1,1.8,0.0,0.0,1.6,1.3,1.8,3.8,3.8,5.4,1.8,28.2
412,Brock Wright,TE,DET,3.7,0.0,0.0,0.0,4.6,1.7,0.0,1.5,0.0,10.3,0.0,1.9,1.8,2.6,0.0,0.0,0.0,0.0,2.6,28.1
413,Byron Pringle,WR,WAS,0.0,1.4,0.0,2.5,2.0,0.0,2.6,0.0,8.5,1.7,3.2,4.7,0.0,0.0,1.5,0.0,0.0,0.0,1.9,28.1
414,Jarrett Stidham,QB,DEN,0.0,0.0,0.0,0.0,0.0,0.0,0.0,0.0,0.0,0.0,0.0,0.0,0.0,0.0,0.0,0.0,13.6,14.1,9.2,27.6
415,Tyquan Thornton,WR,NE,0.0,0.0,0.0,0.0,0.0,1.6,1.2,0.0,1.7,0.0,0.0,4.2,3.9,4.7,1.5,3.0,5.4,0.0,3.0,27.2
416,Carson Wentz,QB,KC,0.0,0.0,0.0,0.0,0.0,0.0,0.0,0.0,0.0,0.0,0.0,0.0,0.0,0.0,0.0,0.0,0.0,27.1,13.6,27.1
416,River Cracraft,WR,MIA,13.0,5.4,2.3,0.0,0.0,0.0,0.0,0.0,0.0,0.0,0.0,0.0,3.6,0.0,0.0,0.0,0.0,2.8,2.7,27.1
418,Luke Schoonmaker,TE,DAL,0.0,7.1,0.0,0.0,0.0,0.0,0.0,2.3,1.0,0.0,10.3,2.2,2.2,0.0,0.0,1.4,0.0,0.0,1.7,26.5
419,Dorian Thompson-Robinson,QB,CLE,0.0,0.0,0.0,4.2,0.0,0.0,0.0,0.4,0.0,0.0,7.6,11.5,0.0,0.5,0.2,1.7,0.0,0.0,3.7,26.1
420,Michael Badgley,K,DET,0.0,0.0,0.0,0.0,0.0,0.0,0.0,0.0,0.0,0.0,0.0,0.0,0.0,0.0,6.0,6.0,8.0,6.0,6.5,26.0
421,MyCole Pruitt,TE,PIT,0.0,0.0,2.0,0.0,3.2,1.9,0.0,1.3,0.0,0.0,0.0,0.0,9.0,3.5,0.0,0.0,2.4,2.7,1.5,26.0
422,Mecole Hardman Jr.,WR,KC,0.0,1.6,0.0,0.0,0.0,0.0,1.6,1.6,4.0,0.0,3.2,0.0,0.0,0.0,0.0,0.0,0.0,13.7,3.2,25.7
423,Tyler Huntley,QB,CLE,0.0,0.0,0.0,0.8,0.0,0.0,0.0,0.0,6.3,0.0,0.0,0.0,0.0,0.0,0.0,0.0,4.7,13.8,5.1,25.6
423,Trent Sherfield Sr.,WR,MIN,0.0,0.0,3.8,3.8,1.3,0.0,1.5,0.0,1.9,0.0,0.0,0.0,0.0,1.9,0.0,0.0,0.0,11.4,1.7,25.6
425,Davis Allen,TE,LAR,0.0,0.0,0.0,0.0,0.0,0.0,0.0,0.0,0.0,0.0,0.0,1.6,0.0,15.0,2.4,0.0,0.0,6.5,2.0,25.5
426,P.J. Walker,QB,SEA,0.0,0.0,0.0,0.0,0.0,5.8,6.4,12.6,0.0,0.0,0.0,0.1,0.0,0.0,0.0,0.0,0.0,0.0,4.2,25.0
427,Jalen Guyton,WR,LV,0.0,0.0,0.0,0.0,0.0,0.0,0.0,0.0,0.0,14.1,0.0,1.4,1.5,1.8,3.9,2.2,0.0,0.0,3.1,24.9
427,Alec Ingold,RB,MIA,5.4,0.0,0.0,3.3,0.0,0.0,0.0,1.5,1.1,0.0,4.6,0.0,0.7,2.3,0.0,3.2,2.8,0.0,1.6,24.9
429,Stephen Sullivan,TE,CAR,0.0,0.0,0.0,0.0,0.0,0.0,0.0,2.3,6.8,0.0,3.0,2.3,2.6,0.0,2.4,5.1,0.0,0.0,2.2,24.5
430,Josh Whyle,TE,TEN,0.0,0.0,0.0,10.6,1.7,2.1,0.0,0.0,0.0,3.6,1.7,2.1,2.6,0.0,0.0,0.0,0.0,0.0,2.7,24.4
431,Sam Darnold,QB,MIN,-0.2,0.0,-0.1,-0.1,-0.1,0.0,0.0,0.0,0.0,-0.1,0.0,0.0,-0.1,0.0,0.6,7.1,-0.2,17.5,2.4,24.4
432,Andy Dalton,QB,CAR,0.0,0.0,23.5,0.0,0.1,0.0,0.0,0.0,0.0,0.0,0.0,0.0,0.0,0.0,0.0,0.0,0.0,0.0,11.8,23.6
433,Lucas Krull,TE,DEN,0.0,0.0,0.0,0.0,0.0,0.0,0.0,0.0,0.0,0.0,0.0,0.0,0.0,4.5,2.8,12.8,3.4,0.0,3.4,23.5
434,Nick Chubb,RB,CLE,16.7,6.4,0.0,0.0,0.0,0.0,0.0,0.0,0.0,0.0,0.0,0.0,0.0,0.0,0.0,0.0,0.0,0.0,11.6,23.1
435,Mason Crosby,K,FA,0.0,0.0,0.0,0.0,0.0,0.0,0.0,0.0,0.0,0.0,0.0,0.0,0.0,0.0,0.0,7.0,7.0,9.0,7.7,23.0
436,Cole Turner,TE,WAS,2.7,4.1,7.5,0.0,1.9,0.0,0.0,0.0,0.0,0.0,1.7,3.9,1.2,0.0,0.0,0.0,0.0,0.0,1.9,23.0
437,Jacoby Brissett,QB,NE,0.0,0.0,0.0,0.0,0.0,0.0,0.0,0.0,0.0,0.0,0.0,0.0,0.0,0.0,13.9,9.0,0.0,0.0,7.6,22.9
438,Tank Bigsby,RB,JAC,5.3,0.0,7.0,1.0,0.8,1.8,0.2,-1.1,0.0,0.5,2.1,0.6,0.0,0.0,-0.2,0.0,3.2,1.6,1.5,22.8
439,Robbie Chosen,WR,FA,0.0,0.0,13.8,0.0,0.0,0.0,0.0,0.0,0.0,0.0,5.9,0.0,0.0,0.0,0.0,2.9,0.0,0.0,2.5,22.6
440,Lynn Bowden Jr.,WR,FA,0.0,0.0,0.0,0.0,0.0,0.0,0.0,0.0,0.0,2.2,0.0,4.0,0.9,6.4,6.1,0.0,1.6,1.3,1.6,22.5
441,Robert Tonyan,TE,MIN,0.0,0.0,0.0,3.8,3.0,2.1,0.0,1.8,2.1,0.0,0.0,0.0,0.0,0.0,0.0,2.4,7.0,0.0,1.4,22.2
442,Xavier Hutchinson,WR,HOU,1.9,0.0,0.0,0.0,0.0,1.5,0.0,0.0,1.2,1.7,0.0,4.4,0.0,3.5,0.5,2.8,2.8,1.6,1.5,21.9
443,Chase Claypool,WR,BUF,0.0,12.6,2.5,0.0,0.0,0.0,0.0,2.5,0.0,0.0,0.0,0.0,0.0,0.0,2.8,0.0,0.0,1.3,2.0,21.7
443,Charlie Kolar,TE,BAL,0.0,0.0,0.0,0.0,0.0,0.0,0.0,0.0,0.0,0.0,2.3,0.0,0.0,0.0,2.5,2.7,8.9,5.3,1.7,21.7
445,Laviska Shenault Jr.,WR,SEA,4.1,0.7,1.7,2.9,2.7,4.7,0.0,0.0,0.0,0.0,2.9,1.8,0.0,0.0,0.0,0.0,0.0,0.0,2.7,21.5
445,Ben Skowronek,WR,HOU,0.0,3.1,1.3,0.0,0.0,0.0,0.0,9.0,-0.2,0.0,0.0,0.9,3.2,0.0,0.0,0.0,0.0,4.2,1.3,21.5
447,C.J. Beathard,QB,JAC,0.0,0.0,0.4,0.0,0.0,-0.2,0.0,0.0,0.0,0.2,0.0,0.0,3.2,0.0,0.0,8.4,9.5,0.0,2.7,21.5
448,Kevin Harris,RB,NE,0.0,0.0,0.0,0.0,0.0,0.0,0.0,0.0,0.0,0.0,0.0,0.0,0.0,0.0,8.5,2.1,8.9,1.8,5.3,21.3
449,Charlie Jones,WR,CIN,0.0,6.0,1.6,0.0,0.0,0.0,0.0,0.0,0.0,0.0,0.0,0.0,0.0,0.0,3.0,0.9,0.0,9.2,1.9,20.7
450,David Moore,WR,CAR,0.0,0.0,0.0,0.0,0.0,0.0,0.0,0.0,0.0,0.0,0.0,0.0,0.0,2.1,14.8,1.7,0.0,1.8,2.9,20.4
451,Sterling Shepard,WR,TB,0.0,1.4,0.0,1.6,2.3,0.0,-0.7,0.0,0.0,7.2,1.5,1.6,0.0,0.0,0.0,0.0,0.0,5.4,1.5,20.3
451,Trey Sermon,RB,IND,0.0,0.0,3.1,0.7,0.0,0.0,0.0,0.0,0.0,0.0,0.0,0.0,0.0,1.3,8.8,0.3,6.1,0.0,1.7,20.3
453,Ronnie Rivers,RB,LAR,0.0,1.4,0.0,7.7,0.1,2.3,0.0,0.0,0.0,0.0,0.0,0.0,0.0,0.0,0.0,2.0,1.4,5.2,2.2,20.1
454,C.J. Uzomah,TE,PHI,0.0,0.0,1.9,7.1,3.2,0.0,0.0,2.9,3.1,1.6,0.0,0.0,0.0,0.0,0.0,0.0,0.0,0.0,2.0,19.8
455,Melvin Gordon III,RB,FA,0.0,0.0,7.5,5.4,0.0,0.0,0.0,0.0,0.0,0.0,0.0,0.0,0.0,0.0,0.0,0.0,7.0,-0.2,4.9,19.7
456,Geoff Swaim,TE,FA,0.0,0.0,0.0,0.0,4.2,0.0,1.8,0.0,0.0,3.3,3.5,0.0,3.0,0.0,3.6,0.0,0.0,0.0,1.6,19.4
456,Richie James Jr.,WR,FA,1.6,-2.0,0.0,0.0,0.0,0.0,0.0,0.0,0.0,0.0,0.0,0.0,2.2,1.4,2.7,8.4,1.6,3.5,2.2,19.4
458,Tim Jones,WR,JAC,0.0,0.0,3.1,0.9,0.0,0.0,3.7,0.0,0.0,3.7,0.0,0.0,0.0,0.0,0.0,6.2,0.0,1.7,1.2,19.3
459,Damien Harris,RB,FA,3.9,9.3,1.5,2.9,1.3,0.1,0.0,0.0,0.0,0.0,0.0,0.0,0.0,0.0,0.0,0.0,0.0,0.0,2.7,19.0
459,Isaiah Spiller,RB,LAC,0.0,0.3,0.7,4.7,0.0,0.2,0.0,1.8,0.0,0.0,0.0,0.0,0.0,1.9,5.0,1.5,2.9,0.0,2.1,19.0
461,Tyler Goodson,RB,IND,0.0,0.0,0.0,0.0,0.0,0.0,0.0,0.0,0.0,0.0,0.0,0.0,3.1,0.8,9.9,4.0,0.3,0.0,3.0,18.1
462,Davis Mills,QB,HOU,0.0,0.0,0.0,0.0,0.0,0.0,0.0,0.0,0.0,0.0,0.1,0.0,0.7,0.2,0.0,16.9,0.0,0.0,3.0,17.8
463,Raheem Blackshear,RB,CAR,0.0,0.0,0.0,0.0,0.0,3.2,0.0,5.1,1.5,2.3,0.0,0.0,0.6,1.8,0.0,2.0,0.0,0.6,1.6,17.1
464,Randall Cobb,WR,FA,0.0,0.0,2.2,2.8,0.0,2.0,0.0,0.0,0.0,0.0,0.0,0.0,0.0,8.5,0.0,0.0,0.0,1.4,1.5,16.9
465,Jason Brownlee,WR,NYJ,0.0,0.0,0.0,0.0,0.0,0.0,0.0,0.0,0.0,0.0,0.0,4.0,0.0,0.0,0.0,7.8,4.8,0.0,2.4,16.6
466,Isaiah McKenzie,WR,NYG,0.0,1.7,1.3,1.6,0.4,4.3,0.7,0.0,1.2,7.1,0.0,0.3,0.0,-2.0,0.0,0.0,0.0,0.0,1.3,16.6
467,Israel Abanikanda,RB,NYJ,0.0,0.0,0.0,0.0,0.0,0.0,0.0,0.0,0.0,0.0,2.6,0.0,0.0,-0.1,3.9,4.3,5.0,0.6,2.3,16.3
468,Patrick Ricard,RB,BAL,0.0,0.0,0.0,2.4,0.0,1.3,5.1,0.0,0.0,0.0,0.0,0.0,0.0,0.0,0.0,0.0,7.4,0.0,1.1,16.2
469,Jeff Driskel,QB,WAS,0.0,0.0,0.0,0.0,0.0,0.0,0.0,0.0,0.0,0.0,0.0,0.0,0.0,0.0,0.0,0.0,0.0,15.9,15.9,15.9
470,Samori Toure,WR,GB,3.8,1.6,2.0,4.5,0.0,0.0,1.3,0.0,0.0,0.0,0.0,0.0,0.0,4.2,0.0,0.0,-1.6,0.0,1.4,15.8
470,Boston Scott,RB,LAR,2.0,4.0,0.0,0.0,0.0,2.6,0.0,1.4,0.0,0.0,0.8,1.4,3.9,0.9,0.0,-1.7,0.0,0.5,1.3,15.8
472,Deuce Vaughn,RB,DAL,0.8,6.2,0.0,2.1,1.8,0.0,0.0,0.0,0.0,1.9,0.0,0.0,0.0,0.0,0.0,0.0,2.2,0.0,2.1,15.0
473,Jameis Winston,QB,CLE,0.0,0.0,4.0,-1.0,-0.4,0.0,0.0,0.0,0.0,10.9,0.0,0.0,1.6,-0.2,0.0,0.0,0.0,0.0,2.1,15.0
474,Tim Boyle,QB,HOU,0.0,0.0,0.0,0.0,0.0,0.0,0.0,0.0,0.0,0.0,0.4,9.4,5.1,0.0,0.0,0.0,0.0,0.0,5.0,14.9
475,Trayveon Williams,RB,CIN,0.7,2.4,0.4,0.4,0.5,2.3,0.0,0.6,1.3,1.2,2.0,0.0,0.0,0.9,2.2,0.0,0.2,-0.2,0.9,14.9
476,Emanuel Wilson,RB,GB,0.0,0.5,2.2,0.0,0.0,0.0,4.7,0.0,4.3,0.0,3.1,0.0,0.0,0.0,0.0,0.0,0.0,0.0,2.1,14.8
477,Keith Kirkwood,WR,BAL,0.0,0.0,0.0,0.0,1.1,0.0,0.0,0.0,0.0,0.0,0.0,4.0,0.0,0.0,7.7,1.9,0.0,0.0,1.2,14.7
478,D.J. Montgomery,WR,IND,0.0,0.0,0.0,0.0,0.0,0.0,0.0,0.0,0.0,0.0,0.0,0.0,0.0,0.0,12.8,1.8,0.0,0.0,2.1,14.6
478,Mitchell Wilcox,TE,NE,0.0,0.0,3.0,1.7,0.0,0.0,0.0,0.0,0.0,0.0,0.0,1.1,2.2,1.0,4.0,1.6,0.0,0.0,0.9,14.6
480,Josiah Deguara,TE,JAC,0.0,2.5,0.0,7.4,2.9,0.0,0.0,0.0,1.7,0.0,0.0,0.0,0.0,0.0,0.0,0.0,0.0,0.0,1.0,14.5
481,Brenton Strange,TE,JAC,0.0,0.0,2.7,0.0,0.0,10.7,0.0,0.0,0.0,0.0,0.0,0.0,0.0,0.0,0.0,0.0,1.1,0.0,1.2,14.5
482,La'Mical Perine,RB,PIT,0.0,0.0,0.0,0.0,0.0,0.0,0.0,0.0,0.1,0.0,0.0,0.0,0.0,0.0,0.0,0.0,0.0,13.9,2.8,14.0
482,Marquise Goodwin,WR,FA,0.0,0.0,0.1,1.0,0.0,3.4,3.3,-0.5,0.0,0.0,0.0,0.0,0.0,0.0,6.7,0.0,0.0,0.0,1.2,14.0
484,Keaontay Ingram,RB,KC,-0.4,0.6,3.1,0.0,0.0,7.1,0.0,2.6,0.8,0.2,0.0,0.0,0.0,0.0,0.0,0.0,0.0,0.0,2.0,14.0
485,Lawrence Cager,WR,NYG,3.7,0.0,0.0,0.0,0.0,0.0,0.0,0.0,0.0,8.0,0.0,0.0,0.0,0.0,1.9,0.0,0.0,0.0,1.7,13.6
486,Mike Boone,RB,CAR,4.8,0.0,0.0,0.4,0.0,1.1,0.0,2.6,0.3,2.6,1.5,0.0,0.0,0.0,0.0,0.0,0.0,0.0,1.5,13.3
487,Darnell Washington,TE,PIT,0.0,0.0,0.0,2.0,0.0,0.0,0.0,0.0,1.7,1.6,1.8,2.0,0.0,2.2,0.0,1.8,0.0,0.0,0.9,13.1
488,Eric Gray,RB,NYG,0.0,0.0,0.0,0.0,3.6,0.2,0.0,0.0,0.0,0.0,0.0,0.0,0.0,0.0,3.6,0.0,1.8,3.8,0.9,13.0
489,Marcedes Lewis,TE,CHI,0.0,0.0,0.0,1.8,0.0,0.0,2.6,0.0,0.0,0.0,0.0,0.0,0.0,1.4,0.0,7.1,0.0,0.0,0.9,12.9
490,Brycen Hopkins,TE,FA,3.1,0.0,0.0,1.5,0.0,0.0,1.5,0.0,0.0,0.0,0.0,0.0,0.0,0.0,0.0,0.0,0.0,6.7,0.9,12.8
491,Marcus Mariota,QB,WAS,0.0,0.0,0.0,0.0,0.0,0.0,0.0,0.0,0.0,0.0,0.0,0.0,1.2,0.0,0.0,0.0,0.0,11.5,4.3,12.8
492,Case Keenum,QB,HOU,0.0,0.0,0.0,0.0,0.0,0.0,0.0,0.0,0.0,0.0,0.0,0.0,0.0,0.0,12.3,0.5,0.0,0.0,6.4,12.7
493,Hunter Luepke,RB,DAL,0.0,0.0,3.1,6.4,0.0,0.0,0.0,0.8,0.0,0.0,0.0,0.0,0.0,0.0,0.3,2.1,0.0,0.0,0.8,12.7
494,Jalen Brooks,WR,DAL,0.0,0.0,0.0,0.0,0.0,0.0,0.0,0.0,0.0,7.9,0.0,3.4,0.0,0.0,0.0,0.0,0.0,1.1,2.1,12.4
495,Ben Sims,TE,GB,0.0,0.0,0.0,0.0,2.2,0.0,1.2,0.0,0.0,0.0,0.0,0.0,7.1,0.0,0.0,0.0,1.6,0.0,0.9,12.1
496,J.K. Dobbins,RB,LAC,11.7,0.0,0.0,0.0,0.0,0.0,0.0,0.0,0.0,0.0,0.0,0.0,0.0,0.0,0.0,0.0,0.0,0.0,11.7,11.7
497,Gary Brightwell,RB,FA,3.1,0.0,5.6,2.9,0.0,0.0,0.0,0.0,0.0,0.0,0.0,0.0,0.0,0.0,0.0,0.0,0.0,0.0,2.9,11.6
497,Blake Bell,TE,FA,9.2,0.0,0.0,0.0,0.0,0.0,-0.3,0.0,0.0,0.0,0.0,0.0,0.0,0.0,0.0,1.4,0.0,1.3,0.8,11.6
499,Nick Bawden,RB,FA,0.0,0.0,6.1,0.0,0.0,0.0,0.0,0.0,1.7,0.0,0.0,1.6,0.0,0.3,0.0,0.0,1.8,0.0,0.9,11.5
500,Justyn Ross,WR,KC,1.6,0.0,0.0,0.0,4.8,0.0,0.0,0.0,0.0,0.0,0.0,0.0,0.0,0.0,0.0,1.2,0.0,3.7,1.4,11.3
501,Equanimeous St. Brown,WR,NO,0.0,0.0,0.0,3.1,0.0,0.0,0.0,0.0,0.0,1.4,3.9,0.0,0.0,0.0,0.0,0.0,0.0,2.8,1.6,11.2
502,Brandon Bolden,RB,FA,0.0,0.0,0.0,0.0,0.0,0.0,0.0,0.0,0.0,0.0,0.0,0.0,0.0,0.0,8.5,2.0,0.6,0.0,2.2,11.1
502,Velus Jones Jr.,WR,CHI,0.0,-0.3,0.0,1.0,0.0,3.0,1.0,1.4,0.0,0.0,0.0,0.0,0.0,2.1,2.3,0.4,0.2,0.0,0.8,11.1
504,Payne Durham,TE,TB,0.0,0.0,0.0,0.0,0.0,1.8,0.0,0.0,0.0,0.0,3.3,2.2,0.0,0.0,0.0,3.5,0.0,0.0,0.8,10.8
505,Quintin Morris,TE,BUF,0.0,0.0,0.0,0.0,0.0,8.5,0.0,0.0,0.0,0.0,2.1,0.0,0.0,0.0,0.0,0.0,0.0,0.0,1.0,10.6
505,Ian Thomas,TE,CAR,0.0,0.0,1.8,0.0,3.8,0.0,0.0,0.0,0.0,0.0,0.0,1.9,1.6,0.0,0.0,0.0,0.0,1.5,1.0,10.6
507,Chris Brooks,RB,MIA,0.0,0.0,6.6,0.0,0.0,2.8,0.0,0.0,0.0,0.0,0.0,0.0,0.0,0.0,0.0,0.0,1.2,0.0,2.7,10.6
508,Dare Ogunbowale,RB,HOU,0.0,0.4,0.0,0.0,0.0,0.0,0.0,0.0,3.0,0.0,0.0,0.0,2.5,2.1,1.7,0.6,0.0,0.0,1.0,10.3
509,C.J. Ham,RB,MIN,2.7,0.0,1.7,0.0,0.0,0.0,0.0,1.2,0.0,0.0,0.0,2.3,0.0,0.7,0.0,1.6,0.0,0.0,0.6,10.2
510,Rakim Jarrett,WR,TB,0.0,1.7,0.0,1.3,0.0,0.0,0.0,1.9,0.0,0.0,5.1,0.0,0.0,0.0,0.0,0.0,0.0,0.0,1.1,10.0
511,Ty Montgomery II,RB,FA,3.6,0.0,0.0,0.0,1.5,1.9,0.0,0.0,0.0,0.0,0.0,0.0,0.2,2.7,0.0,0.0,0.0,0.0,0.8,9.9
511,Chris Conley,WR,SF,0.0,0.0,0.0,0.0,0.0,0.0,0.0,0.0,0.0,0.0,0.0,0.0,0.0,0.0,0.0,0.0,0.0,9.9,1.4,9.9
513,DeAndre Carter,WR,CHI,1.5,0.0,2.6,0.0,0.3,0.0,0.0,0.0,2.5,1.5,0.0,0.0,0.0,0.0,0.0,0.0,0.0,1.3,0.6,9.7
514,Clayton Tune,QB,ARI,0.0,0.0,0.0,0.0,0.0,0.0,0.2,0.0,1.1,6.1,0.0,2.0,0.0,0.0,0.0,0.0,0.0,0.1,1.2,9.5
515,Keelan Doss,WR,LV,0.0,0.0,0.0,0.0,0.0,0.0,0.0,0.0,0.0,0.0,0.0,0.0,0.0,0.0,0.0,0.0,7.5,1.8,2.3,9.3
516,Blaine Gabbert,QB,FA,0.0,0.0,-0.9,0.0,0.0,0.0,0.0,0.0,0.0,0.0,0.0,0.0,0.0,0.0,0.0,0.0,0.0,9.8,4.5,8.9
517,Tyler Johnson,WR,LAR,0.0,0.0,0.0,0.0,0.0,0.0,0.0,0.0,0.0,0.0,0.0,0.0,0.0,0.0,0.0,0.0,0.0,8.8,8.8,8.8
518,Julian Hill,TE,MIA,0.0,0.0,0.0,0.0,0.0,0.0,0.0,1.4,0.0,0.0,0.0,0.0,4.3,0.0,0.0,0.0,1.9,1.2,0.6,8.8
519,Jack Stoll,TE,NYG,0.0,0.0,1.6,0.0,1.4,0.0,0.0,0.0,0.0,0.0,1.3,2.4,0.0,0.0,0.0,0.0,0.0,2.1,0.6,8.8
520,Britain Covey,WR,PHI,0.0,0.0,0.0,0.0,0.0,0.0,0.0,0.0,0.0,0.0,0.0,0.0,0.0,0.0,0.0,1.7,0.0,6.5,0.5,8.2
520,DeeJay Dallas,RB,ARI,2.8,0.3,1.5,0.0,0.0,0.9,-1.0,0.0,0.0,0.0,2.4,0.5,0.6,0.0,0.0,0.2,0.0,0.0,0.5,8.2
522,Tylan Wallace,WR,BAL,0.0,0.0,0.0,0.0,0.0,0.0,0.0,0.0,0.0,0.0,0.0,0.0,0.0,6.0,0.0,0.0,0.0,2.1,1.0,8.1
523,Simi Fehoko,WR,LAC,0.0,0.0,0.0,0.0,0.0,0.0,0.0,7.9,0.0,0.0,0.0,0.0,0.0,0.0,0.0,0.0,0.0,0.0,1.6,7.9
524,Grant Calcaterra,TE,PHI,0.0,0.0,0.0,0.0,0.0,0.0,0.0,0.0,0.0,0.0,0.0,0.0,0.0,0.0,0.0,4.1,0.0,3.8,0.8,7.9
525,Peyton Hendershot,TE,DAL,0.0,0.0,1.3,0.0,0.0,0.0,0.0,0.0,0.0,0.0,0.0,0.0,0.0,0.0,1.5,0.0,1.6,3.4,1.0,7.8
526,Damien Williams,RB,FA,0.0,0.0,0.0,0.0,0.0,5.4,0.2,1.9,0.0,0.0,0.0,0.0,0.0,0.0,0.0,0.0,0.0,0.0,2.5,7.5
527,Devin Duvernay,WR,JAC,0.0,1.5,0.0,2.8,0.0,0.0,0.0,0.0,3.0,0.0,0.0,0.0,0.0,0.0,0.0,0.0,0.0,0.0,0.6,7.3
528,Ko Kieft,TE,TB,0.0,0.0,0.0,0.0,0.0,0.0,0.0,0.0,0.0,0.0,0.0,0.0,0.0,0.0,7.2,0.0,0.0,0.0,0.5,7.2
529,Brian Hoyer,QB,FA,0.0,0.0,0.0,0.0,0.0,3.8,3.2,0.0,0.0,0.0,0.0,0.0,0.0,0.0,0.0,0.0,0.0,0.0,3.5,6.9
530,Elijah Cooks,WR,JAC,0.0,0.0,0.0,0.0,0.0,0.0,0.0,0.0,0.0,0.0,0.0,0.0,0.0,0.0,0.0,6.8,0.0,0.0,0.8,6.8
531,Michael Burton,RB,DEN,1.3,0.3,0.0,0.0,2.0,0.2,-0.2,0.0,0.0,0.0,0.0,0.0,0.4,1.3,0.0,1.4,0.0,0.0,0.4,6.7
532,Marvin Jones Jr.,WR,FA,0.8,0.0,0.0,0.0,4.2,1.5,0.0,0.0,0.0,0.0,0.0,0.0,0.0,0.0,0.0,0.0,0.0,0.0,1.3,6.5
533,Ke'Shawn Vaughn,RB,FA,0.0,0.0,0.0,2.9,0.0,0.9,0.7,0.1,1.8,0.0,0.0,0.0,0.0,0.0,0.0,0.0,0.0,0.0,1.3,6.4
534,Keith Smith,RB,FA,0.0,0.0,0.0,0.0,3.8,0.0,0.9,0.0,0.0,0.0,0.0,1.6,0.0,0.0,0.0,0.0,0.0,0.0,0.5,6.3
535,Nate Adkins,TE,DEN,0.0,0.0,2.1,2.8,0.0,0.0,1.3,0.0,0.0,0.0,0.0,0.0,0.0,0.0,0.0,0.0,0.0,0.0,0.7,6.2
535,Charlie Woerner,TE,ATL,0.0,0.0,0.0,0.0,0.0,0.0,0.0,0.0,0.0,0.0,0.0,1.9,0.0,1.3,0.0,0.0,0.0,3.0,0.4,6.2
537,Jalen Nailor,WR,MIN,0.0,0.0,0.0,0.0,0.0,0.0,0.0,0.0,0.0,2.6,0.0,0.0,0.0,3.3,0.0,0.0,0.0,0.0,1.2,5.9
537,Zach Pascal,WR,ARI,0.0,1.9,0.0,4.0,0.0,0.0,0.0,0.0,0.0,0.0,0.0,0.0,0.0,0.0,0.0,0.0,0.0,0.0,0.4,5.9
539,Khari Blasingame,RB,CHI,0.0,0.0,0.0,0.0,2.6,1.1,1.4,0.0,0.0,0.0,0.0,0.0,0.0,0.7,0.0,0.0,0.0,0.0,0.4,5.8
540,Brett Rypien,QB,CHI,0.0,0.0,0.0,0.0,0.0,0.0,0.0,1.7,4.1,0.0,0.0,0.0,0.0,0.0,0.0,0.0,0.0,0.0,2.9,5.8
541,Steven Sims Jr.,WR,HOU,0.0,0.0,0.0,0.0,0.0,0.0,0.0,0.0,0.0,0.0,4.5,0.0,0.0,0.0,1.1,0.0,0.0,0.0,1.9,5.6
542,Mike Strachan,WR,CAR,0.0,0.0,0.0,0.0,0.0,0.0,0.0,0.0,0.0,5.5,0.0,0.0,0.0,0.0,0.0,0.0,0.0,0.0,1.4,5.5
542,Greg Dulcich,TE,DEN,4.2,0.0,0.0,0.0,0.0,1.3,0.0,0.0,0.0,0.0,0.0,0.0,0.0,0.0,0.0,0.0,0.0,0.0,2.8,5.5
544,Teagan Quitoriano,TE,HOU,2.1,0.0,0.0,0.0,3.2,0.0,0.0,0.0,0.0,0.0,0.0,0.0,0.0,0.0,0.0,0.0,0.0,0.0,1.1,5.3
545,Sean Tucker,RB,TB,4.4,0.7,0.1,0.0,0.0,0.0,0.0,0.0,0.0,0.0,0.0,0.0,0.0,0.0,0.0,0.0,0.0,0.0,1.0,5.2
546,Austin Trammell,WR,JAC,0.0,0.0,0.0,0.0,0.0,-2.0,0.0,0.0,1.6,0.0,5.3,0.0,0.0,0.0,0.0,0.0,0.0,0.0,0.3,4.9
546,Trishton Jackson,WR,MIN,0.0,0.0,0.0,0.0,0.0,0.0,1.7,0.0,3.2,0.0,0.0,0.0,0.0,0.0,0.0,0.0,0.0,0.0,1.0,4.9
548,Rashaad Penny,RB,FA,0.0,2.4,0.0,0.0,0.0,0.0,0.0,0.0,0.8,0.0,0.0,0.0,0.0,0.0,0.0,0.0,0.0,1.6,1.6,4.8
548,James Mitchell,TE,DET,0.0,0.0,0.0,0.0,0.0,0.0,0.0,0.0,0.0,0.0,0.0,0.0,0.0,0.0,0.0,0.0,1.4,3.4,0.4,4.8
548,Kenny Yeboah,TE,NYJ,0.0,0.0,0.0,0.0,0.0,0.0,0.0,0.0,0.0,0.0,0.0,0.0,0.0,0.0,0.0,0.0,4.8,0.0,1.0,4.8
551,Miles Boykin,WR,NYG,0.0,1.5,0.0,0.0,0.0,0.0,0.0,0.0,1.6,0.0,0.0,0.0,0.0,0.0,0.0,1.6,0.0,0.0,0.3,4.7
552,Jashaun Corbin,RB,NYG,0.0,0.0,0.0,0.0,0.0,0.0,0.0,0.0,0.0,4.3,0.0,0.0,0.0,0.0,0.0,0.0,0.0,0.0,1.4,4.3
552,Alex Armah Jr.,RB,FA,0.0,0.0,0.0,0.0,0.0,0.0,0.0,1.0,0.0,1.3,0.0,0.0,0.0,0.0,0.0,0.0,0.0,2.0,0.6,4.3
554,Cooper Rush,QB,DAL,0.0,0.0,0.0,0.6,0.1,0.0,0.0,-0.2,0.0,2.2,0.3,0.0,0.0,0.0,0.0,0.0,0.0,1.2,0.5,4.3
555,Eric Saubert,TE,SF,0.0,0.0,0.0,0.0,0.0,0.0,0.0,0.0,0.0,0.0,0.0,0.0,1.5,0.0,0.0,0.0,1.2,1.5,0.5,4.2
556,Deon Jackson,RB,FA,3.8,0.0,0.0,0.0,0.0,0.0,0.0,0.0,0.2,0.0,0.0,0.0,0.0,0.0,0.0,0.0,0.0,0.0,2.0,4.0
556,Leonard Fournette,RB,FA,0.0,0.0,0.0,0.0,0.0,0.0,0.0,0.0,0.0,0.0,0.0,0.0,0.0,0.0,0.0,2.0,0.0,2.0,2.0,4.0
556,Austin Seibert,K,NYJ,0.0,4.0,0.0,0.0,0.0,0.0,0.0,0.0,0.0,0.0,0.0,0.0,0.0,0.0,0.0,0.0,0.0,0.0,4.0,4.0
559,Kayshon Boutte,WR,NE,0.0,0.0,0.0,0.0,0.0,0.0,0.0,0.0,0.0,2.1,0.0,1.8,0.0,0.0,0.0,0.0,0.0,0.0,0.8,3.9
559,Elijah Dotson,RB,LAC,0.0,3.9,0.0,0.0,0.0,0.0,0.0,0.0,0.0,0.0,0.0,0.0,0.0,0.0,0.0,0.0,0.0,0.0,3.9,3.9
561,Chris Manhertz,TE,NYG,0.0,0.0,0.0,2.0,0.0,0.0,0.0,0.0,0.0,1.6,0.0,0.0,0.0,0.0,0.0,0.0,0.0,0.0,0.2,3.6
562,Willie Snead IV,WR,MIA,0.0,0.0,0.0,1.9,0.0,0.0,0.0,0.0,0.0,0.0,0.0,0.0,0.0,0.0,0.0,1.5,0.0,0.0,0.9,3.4
563,Malik Taylor,WR,NYJ,0.0,0.0,0.0,0.0,0.0,0.0,0.0,0.0,1.7,1.6,0.0,0.0,0.0,0.0,0.0,0.0,0.0,0.0,1.1,3.3
564,Jake Funk,RB,DET,3.2,0.0,0.0,0.0,0.0,0.0,0.0,0.0,0.0,0.0,0.0,0.0,0.0,0.0,0.0,0.0,0.0,0.0,3.2,3.2
564,Nick Muse,TE,MIN,0.0,0.0,0.0,0.0,0.0,0.0,0.0,0.0,0.0,0.0,0.0,0.0,0.0,0.0,0.0,0.0,0.0,3.2,3.2,3.2
566,Jaren Hall,QB,MIN,0.0,0.0,0.0,0.0,0.0,0.0,0.0,-1.2,4.2,0.0,0.0,0.0,0.0,0.0,0.0,0.0,0.1,0.0,1.0,3.1
566,Kenyan Drake,RB,FA,0.0,0.0,3.1,0.0,0.0,0.0,0.0,0.0,0.0,0.0,0.0,0.0,0.0,0.0,0.0,0.0,0.0,0.0,1.0,3.1
566,Trevon Wesco,TE,FA,0.0,0.0,0.0,0.0,3.1,0.0,0.0,0.0,0.0,0.0,0.0,0.0,0.0,0.0,0.0,0.0,0.0,0.0,0.2,3.1
566,Zonovan Knight,RB,DET,0.0,0.0,1.3,0.0,1.8,0.0,0.0,0.0,0.0,0.0,0.0,0.0,0.0,0.0,0.0,0.0,0.0,0.0,1.6,3.1
566,Anthony McFarland Jr.,RB,FA,3.1,0.0,0.0,0.0,0.0,0.0,0.0,0.0,0.0,0.0,0.0,0.0,0.0,0.0,0.0,0.0,0.0,0.0,1.0,3.1
571,Malik Willis,QB,TEN,0.0,0.0,0.0,0.0,0.0,4.7,0.0,-1.6,0.0,0.0,0.0,0.0,0.0,0.0,0.0,0.0,0.0,0.0,1.5,3.1
572,Mike White,QB,MIA,0.0,0.0,6.6,0.0,0.0,-1.4,0.0,0.0,0.0,0.0,0.0,-0.2,0.1,0.0,0.0,0.0,-2.0,0.0,0.5,3.1
573,Gunner Olszewski,WR,NYG,0.0,-1.0,0.0,0.0,-2.0,0.0,0.0,0.0,0.0,0.0,0.0,0.0,0.0,0.0,0.0,0.0,6.0,0.0,0.3,3.0
574,Laquon Treadwell,WR,IND,0.0,0.0,0.0,0.0,0.0,0.0,0.0,0.0,0.0,0.0,0.0,0.0,0.0,0.0,0.0,0.0,0.0,2.6,0.7,2.6
575,Derrick Gore,RB,FA,0.0,0.0,0.0,0.0,0.0,0.0,0.0,0.0,0.0,0.0,2.3,0.0,0.0,0.0,0.0,0.0,0.0,0.3,0.5,2.6
576,Adam Prentice,RB,NO,0.0,0.0,0.0,0.0,0.0,0.0,0.0,0.0,0.0,0.0,0.0,0.0,0.0,0.0,0.0,0.0,2.4,0.0,0.2,2.4
577,Devine Ozigbo,RB,FA,0.0,0.0,0.0,0.0,0.0,2.3,0.0,0.0,0.0,0.0,0.0,0.0,0.0,0.0,0.0,0.0,0.0,0.0,1.2,2.3
578,Ross Dwelley,TE,ATL,0.0,0.0,0.0,0.0,0.0,0.0,2.2,0.0,0.0,0.0,0.0,0.0,0.0,0.0,0.0,0.0,0.0,0.0,0.2,2.2
578,Erik Ezukanma,WR,MIA,1.7,0.5,0.0,0.0,0.0,0.0,0.0,0.0,0.0,0.0,0.0,0.0,0.0,0.0,0.0,0.0,0.0,0.0,1.1,2.2
578,Jacob Johnson,RB,FA,0.0,0.0,0.0,2.2,0.0,0.0,0.0,0.0,0.0,0.0,0.0,0.0,0.0,0.0,0.0,0.0,0.0,0.0,0.2,2.2
578,John FitzPatrick,TE,ATL,0.0,0.0,0.0,0.0,0.0,0.0,0.0,0.0,0.0,0.0,0.0,0.0,0.0,0.0,0.0,0.0,0.0,2.2,0.4,2.2
582,Tyrion Davis-Price,RB,PHI,0.0,0.0,0.0,0.0,2.1,0.0,0.0,0.0,0.0,0.0,0.0,0.0,0.0,0.0,0.0,0.0,0.0,0.0,2.1,2.1
582,Chris Evans,RB,CIN,2.1,0.0,0.0,0.0,0.0,0.0,0.0,0.0,0.0,0.0,0.0,0.0,0.0,0.0,0.0,0.0,0.0,0.0,0.3,2.1
582,Collin Johnson,WR,CHI,0.0,0.0,0.0,0.0,0.0,0.0,0.0,0.0,0.0,0.0,0.0,0.0,0.0,0.0,0.0,0.0,2.1,0.0,0.7,2.1
585,Cody Thompson,WR,TB,0.0,0.0,0.0,2.0,0.0,0.0,0.0,0.0,0.0,0.0,0.0,0.0,0.0,0.0,0.0,0.0,0.0,0.0,0.7,2.0
586,Zach Evans,RB,LAR,0.0,0.0,0.0,0.0,0.0,1.0,0.0,0.0,0.0,0.0,0.0,0.6,0.0,0.0,0.0,0.0,0.0,0.3,0.5,1.9
586,Tucker Fisk,TE,FA,0.0,0.0,0.0,0.0,0.0,0.0,0.0,0.0,0.0,0.0,0.0,0.0,0.0,0.0,1.9,0.0,0.0,0.0,0.3,1.9
588,Evan Hull,RB,IND,1.7,0.0,0.0,0.0,0.0,0.0,0.0,0.0,0.0,0.0,0.0,0.0,0.0,0.0,0.0,0.0,0.0,0.0,1.7,1.7
589,Kevin Rader,TE,FA,0.0,0.0,0.0,0.0,0.0,0.0,0.0,0.0,0.0,0.0,0.0,0.0,0.0,0.0,0.0,0.0,1.6,0.0,0.1,1.6
589,Mason Kinsey,WR,TEN,0.0,0.0,0.0,0.0,0.0,0.0,0.0,0.0,0.0,0.0,0.0,0.0,0.0,0.0,0.0,1.6,0.0,0.0,0.3,1.6
589,Cole Fotheringham,TE,LV,0.0,0.0,0.0,0.0,0.0,0.0,0.0,0.0,0.0,0.0,0.0,0.0,0.0,0.0,0.0,1.6,0.0,0.0,0.8,1.6
592,Jesper Horsted,TE,NO,0.0,0.0,0.0,0.0,0.0,0.0,1.4,0.0,0.0,0.0,0.0,0.0,0.0,0.0,0.0,0.0,0.0,0.0,0.3,1.4
593,Kene Nwangwu,RB,MIN,0.0,0.0,0.0,0.0,0.0,0.0,0.0,0.0,0.0,0.9,0.0,0.0,0.0,0.3,0.1,0.0,0.0,0.0,0.2,1.3
593,Nick Vannett,TE,TEN,0.0,0.0,0.0,0.0,0.0,0.0,0.0,0.0,0.0,0.0,0.0,0.0,0.0,0.0,0.0,0.0,0.0,1.3,0.2,1.3
593,Colton Dowell,WR,TEN,0.0,0.0,0.0,0.0,0.0,0.0,0.0,0.0,0.0,0.0,0.0,0.0,0.0,0.0,0.0,1.3,0.0,0.0,0.1,1.3
593,Reggie Gilliam,RB,BUF,0.0,1.3,0.0,0.0,0.0,0.0,0.0,0.0,0.0,0.0,0.0,0.0,0.0,0.0,0.0,0.0,0.0,0.0,0.1,1.3
597,Sean Clifford,QB,GB,0.0,0.0,0.0,0.0,0.0,0.0,0.0,0.0,0.0,0.0,0.0,0.0,0.0,0.0,0.0,0.0,1.3,0.0,0.6,1.3
598,Kwamie Lassiter II,WR,CIN,0.0,0.0,0.0,0.0,1.2,0.0,0.0,0.0,0.0,0.0,0.0,0.0,0.0,0.0,0.0,0.0,0.0,0.0,1.2,1.2
598,Antoine Green,WR,DET,0.0,1.2,0.0,0.0,0.0,0.0,0.0,0.0,0.0,0.0,0.0,0.0,0.0,0.0,0.0,0.0,0.0,0.0,0.2,1.2
598,Giovanni Ricci,TE,CLE,1.2,0.0,0.0,0.0,0.0,0.0,0.0,0.0,0.0,0.0,0.0,0.0,0.0,0.0,0.0,0.0,0.0,0.0,0.2,1.2
601,Jonathan Ward,RB,PIT,0.0,0.0,0.0,0.0,0.0,0.0,0.0,0.0,0.0,0.0,0.0,0.0,0.0,0.0,0.0,0.0,1.1,0.0,0.2,1.1
602,James Robinson,RB,NO,0.0,0.0,0.0,0.0,0.0,0.0,0.0,0.0,0.0,0.0,0.0,0.0,1.0,0.0,0.0,0.0,0.0,0.0,1.0,1.0
602,David Wells,TE,TB,0.0,1.0,0.0,0.0,0.0,0.0,0.0,0.0,0.0,0.0,0.0,0.0,0.0,0.0,0.0,0.0,0.0,0.0,0.5,1.0
604,AJ McCarron,QB,FA,0.0,0.0,0.0,0.0,0.0,0.0,0.0,0.0,0.0,0.0,0.0,0.0,0.0,0.0,0.0,0.0,0.0,0.8,0.4,0.8
605,Logan Woodside,QB,CIN,0.0,0.0,0.0,0.0,0.0,0.0,0.0,0.0,0.0,0.0,0.0,0.0,0.0,0.0,0.0,0.0,0.0,0.7,0.7,0.7
606,Dee Eskridge,WR,SEA,0.0,0.0,0.0,0.0,0.0,0.0,0.0,-0.5,0.0,0.0,0.0,1.0,0.0,0.0,0.0,0.0,0.0,0.0,0.1,0.5
607,Chris Pierce Jr.,TE,FA,0.0,0.0,0.0,0.0,0.0,0.0,0.0,0.0,0.0,0.0,0.0,0.0,0.0,0.0,0.0,0.0,0.0,0.0,0.0,0.0
607,Austin Walter,RB,FA,0.0,0.0,0.0,0.0,0.0,0.0,0.0,0.0,0.0,0.0,0.0,0.0,0.0,0.0,0.0,0.0,0.0,0.0,0.0,0.0
607,Zach Gentry,TE,LV,0.0,0.0,0.0,0.0,0.0,0.0,0.0,0.0,0.0,0.0,0.0,0.0,0.0,0.0,0.0,0.0,0.0,0.0,0.0,0.0
607,Godwin Igwebuike,RB,FA,0.0,0.0,0.0,0.0,0.0,0.0,0.0,0.0,0.0,0.0,0.0,0.0,0.0,0.0,0.0,0.0,0.0,0.0,0.0,0.0
607,Terrell Bynum,WR,LV,0.0,0.0,0.0,0.0,0.0,0.0,0.0,0.0,0.0,0.0,0.0,0.0,0.0,0.0,0.0,0.0,0.0,0.0,0.0,0.0
607,Ben Mason,RB,LAC,0.0,0.0,0.0,0.0,0.0,0.0,0.0,0.0,0.0,0.0,0.0,0.0,0.0,0.0,0.0,0.0,0.0,0.0,0.0,0.0
607,Jacob Eason,QB,GB,0.0,0.0,0.0,0.0,0.0,0.0,0.0,0.0,0.0,0.0,0.0,0.0,0.0,0.0,0.0,0.0,0.0,0.0,0.0,0.0
607,Dax Milne,WR,FA,0.0,0.0,0.0,0.0,0.0,0.0,0.0,0.0,0.0,0.0,0.0,0.0,0.0,0.0,0.0,0.0,0.0,0.0,0.0,0.0
607,Henry Pearson,RB,FA,0.0,0.0,0.0,0.0,0.0,0.0,0.0,0.0,0.0,0.0,0.0,0.0,0.0,0.0,0.0,0.0,0.0,0.0,0.0,0.0
607,Shedrick Jackson,WR,CIN,0.0,0.0,0.0,0.0,0.0,0.0,0.0,0.0,0.0,0.0,0.0,0.0,0.0,0.0,0.0,0.0,0.0,0.0,0.0,0.0
607,Noah Togiai,TE,FA,0.0,0.0,0.0,0.0,0.0,0.0,0.0,0.0,0.0,0.0,0.0,0.0,0.0,0.0,0.0,0.0,0.0,0.0,0.0,0.0
607,Stephen Anderson,TE,FA,0.0,0.0,0.0,0.0,0.0,0.0,0.0,0.0,0.0,0.0,0.0,0.0,0.0,0.0,0.0,0.0,0.0,0.0,0.0,0.0
607,Aaron Rodgers,QB,NYJ,0.0,0.0,0.0,0.0,0.0,0.0,0.0,0.0,0.0,0.0,0.0,0.0,0.0,0.0,0.0,0.0,0.0,0.0,0.0,0.0
607,Josh Pederson,TE,JAC,0.0,0.0,0.0,0.0,0.0,0.0,0.0,0.0,0.0,0.0,0.0,0.0,0.0,0.0,0.0,0.0,0.0,0.0,0.0,0.0
607,Sam Ehlinger,QB,IND,0.0,0.0,0.0,0.0,0.0,0.0,0.0,0.0,0.0,0.0,0.0,0.0,0.0,0.0,0.0,0.0,0.0,0.0,0.0,0.0
607,Jeremy McNichols,RB,WAS,0.0,0.0,0.0,0.0,0.0,0.0,0.0,0.0,0.0,0.0,0.0,0.0,0.0,0.0,0.0,0.0,0.0,0.0,0.0,0.0
607,Anthony Firkser,TE,NYJ,0.0,0.0,0.0,0.0,0.0,0.0,0.0,0.0,0.0,0.0,0.0,0.0,0.0,0.0,0.0,0.0,0.0,0.0,0.0,0.0
607,Ryan Miller,WR,TB,0.0,0.0,0.0,0.0,0.0,0.0,0.0,0.0,0.0,0.0,0.0,0.0,0.0,0.0,0.0,0.0,0.0,0.0,0.0,0.0
607,Dan Chisena,WR,ARI,0.0,0.0,0.0,0.0,0.0,0.0,0.0,0.0,0.0,0.0,0.0,0.0,0.0,0.0,0.0,0.0,0.0,0.0,0.0,0.0
607,Blake Whiteheart,TE,ARI,0.0,0.0,0.0,0.0,0.0,0.0,0.0,0.0,0.0,0.0,0.0,0.0,0.0,0.0,0.0,0.0,0.0,0.0,0.0,0.0
607,Marquez Callaway,WR,NO,0.0,0.0,0.0,0.0,0.0,0.0,0.0,0.0,0.0,0.0,0.0,0.0,0.0,0.0,0.0,0.0,0.0,0.0,0.0,0.0
607,Ethan Fernea,WR,IND,0.0,0.0,0.0,0.0,0.0,0.0,0.0,0.0,0.0,0.0,0.0,0.0,0.0,0.0,0.0,0.0,0.0,0.0,0.0,0.0
607,Hunter Long,TE,LAR,0.0,0.0,0.0,0.0,0.0,0.0,0.0,0.0,0.0,0.0,0.0,0.0,0.0,0.0,0.0,0.0,0.0,0.0,0.0,0.0
607,Lucky Jackson,WR,MIN,0.0,0.0,0.0,0.0,0.0,0.0,0.0,0.0,0.0,0.0,0.0,0.0,0.0,0.0,0.0,0.0,0.0,0.0,0.0,0.0
607,Chase Cota,WR,NYG,0.0,0.0,0.0,0.0,0.0,0.0,0.0,0.0,0.0,0.0,0.0,0.0,0.0,0.0,0.0,0.0,0.0,0.0,0.0,0.0
607,Brittain Brown,RB,LV,0.0,0.0,0.0,0.0,0.0,0.0,0.0,0.0,0.0,0.0,0.0,0.0,0.0,0.0,0.0,0.0,0.0,0.0,0.0,0.0
607,Travis Vokolek,TE,ARI,0.0,0.0,0.0,0.0,0.0,0.0,0.0,0.0,0.0,0.0,0.0,0.0,0.0,0.0,0.0,0.0,0.0,0.0,0.0,0.0
607,Tay Martin,WR,SF,0.0,0.0,0.0,0.0,0.0,0.0,0.0,0.0,0.0,0.0,0.0,0.0,0.0,0.0,0.0,0.0,0.0,0.0,0.0,0.0
607,Matthew Wright,K,PIT,0.0,0.0,0.0,0.0,0.0,0.0,0.0,0.0,0.0,0.0,0.0,0.0,0.0,0.0,0.0,0.0,0.0,0.0,0.0,0.0
607,Marlon Mack,RB,FA,0.0,0.0,0.0,0.0,0.0,0.0,0.0,0.0,0.0,0.0,0.0,0.0,0.0,0.0,0.0,0.0,0.0,0.0,0.0,0.0
607,Skylar Thompson,QB,MIA,0.0,0.0,0.0,0.0,0.0,0.0,0.0,0.0,0.0,0.0,0.0,0.0,0.0,0.0,0.0,0.0,0.0,0.0,0.0,0.0
607,Chris Blair,WR,ATL,0.0,0.0,0.0,0.0,0.0,0.0,0.0,0.0,0.0,0.0,0.0,0.0,0.0,0.0,0.0,0.0,0.0,0.0,0.0,0.0
607,Hunter Kampmoyer,TE,FA,0.0,0.0,0.0,0.0,0.0,0.0,0.0,0.0,0.0,0.0,0.0,0.0,0.0,0.0,0.0,0.0,0.0,0.0,0.0,0.0
607,Michael Bandy,WR,DEN,0.0,0.0,0.0,0.0,0.0,0.0,0.0,0.0,0.0,0.0,0.0,0.0,0.0,0.0,0.0,0.0,0.0,0.0,0.0,0.0
607,Tanner Conner,TE,MIA,0.0,0.0,0.0,0.0,0.0,0.0,0.0,0.0,0.0,0.0,0.0,0.0,0.0,0.0,0.0,0.0,0.0,0.0,0.0,0.0
607,Dareke Young,WR,SEA,0.0,0.0,0.0,0.0,0.0,0.0,0.0,0.0,0.0,0.0,0.0,0.0,0.0,0.0,0.0,0.0,0.0,0.0,0.0,0.0
607,Bryant Koback,RB,FA,0.0,0.0,0.0,0.0,0.0,0.0,0.0,0.0,0.0,0.0,0.0,0.0,0.0,0.0,0.0,0.0,0.0,0.0,0.0,0.0
607,David Sills,WR,DEN,0.0,0.0,0.0,0.0,0.0,0.0,0.0,0.0,0.0,0.0,0.0,0.0,0.0,0.0,0.0,0.0,0.0,0.0,0.0,0.0
607,Rodney Williams,TE,PIT,0.0,0.0,0.0,0.0,0.0,0.0,0.0,0.0,0.0,0.0,0.0,0.0,0.0,0.0,0.0,0.0,0.0,0.0,0.0,0.0
607,Darrell Daniels,TE,FA,0.0,0.0,0.0,0.0,0.0,0.0,0.0,0.0,0.0,0.0,0.0,0.0,0.0,0.0,0.0,0.0,0.0,0.0,0.0,0.0
607,Jordan Mims,RB,NO,0.0,0.0,0.0,0.0,0.0,0.0,0.0,0.0,0.0,0.0,0.0,0.0,0.0,0.0,0.0,0.0,0.0,0.0,0.0,0.0
607,Parker Hesse,TE,DET,0.0,0.0,0.0,0.0,0.0,0.0,0.0,0.0,0.0,0.0,0.0,0.0,0.0,0.0,0.0,0.0,0.0,0.0,0.0,0.0
607,Corey Clement,RB,FA,0.0,0.0,0.0,0.0,0.0,0.0,0.0,0.0,0.0,0.0,0.0,0.0,0.0,0.0,0.0,0.0,0.0,0.0,0.0,0.0
607,Isaiah Winstead,WR,FA,0.0,0.0,0.0,0.0,0.0,0.0,0.0,0.0,0.0,0.0,0.0,0.0,0.0,0.0,0.0,0.0,0.0,0.0,0.0,0.0
607,Matthew Slater,WR,FA,0.0,0.0,0.0,0.0,0.0,0.0,0.0,0.0,0.0,0.0,0.0,0.0,0.0,0.0,0.0,0.0,0.0,0.0,0.0,0.0
607,Brayden Willis,TE,SF,0.0,0.0,0.0,0.0,0.0,0.0,0.0,0.0,0.0,0.0,0.0,0.0,0.0,0.0,0.0,0.0,0.0,0.0,0.0,0.0
607,Matt Bushman,TE,FA,0.0,0.0,0.0,0.0,0.0,0.0,0.0,0.0,0.0,0.0,0.0,0.0,0.0,0.0,0.0,0.0,0.0,0.0,0.0,0.0
607,Sean McKeon,TE,DET,0.0,0.0,0.0,0.0,0.0,0.0,0.0,0.0,0.0,0.0,0.0,0.0,0.0,0.0,0.0,0.0,0.0,0.0,0.0,0.0
607,James Winchester,TE,KC,0.0,0.0,0.0,0.0,0.0,0.0,0.0,0.0,0.0,0.0,0.0,0.0,0.0,0.0,0.0,0.0,0.0,0.0,0.0,0.0
607,JaMycal Hasty,RB,NE,0.0,0.0,0.0,0.0,0.0,0.0,0.0,0.0,0.0,0.0,0.0,0.0,0.0,0.0,0.0,0.0,0.0,0.0,0.0,0.0
607,Irvin Charles,WR,NYJ,0.0,0.0,0.0,0.0,0.0,0.0,0.0,0.0,0.0,0.0,0.0,0.0,0.0,0.0,0.0,0.0,0.0,0.0,0.0,0.0
607,Montrell Washington,WR,KC,0.0,0.0,0.0,0.0,0.0,0.0,0.0,0.0,0.0,0.0,0.0,0.0,0.0,0.0,0.0,0.0,0.0,0.0,0.0,0.0
607,Devon Allen,WR,FA,0.0,0.0,0.0,0.0,0.0,0.0,0.0,0.0,0.0,0.0,0.0,0.0,0.0,0.0,0.0,0.0,0.0,0.0,0.0,0.0
607,Andy Isabella,WR,BUF,0.0,0.0,0.0,0.0,0.0,0.0,0.0,0.0,0.0,0.0,0.0,0.0,0.0,0.0,0.0,0.0,0.0,0.0,0.0,0.0
607,Phillip Dorsett II,WR,DEN,0.0,0.0,0.0,0.0,0.0,0.0,0.0,0.0,0.0,0.0,0.0,0.0,0.0,0.0,0.0,0.0,0.0,0.0,0.0,0.0
607,Justin Hardee Sr.,WR,CLE,0.0,0.0,0.0,0.0,0.0,0.0,0.0,0.0,0.0,0.0,0.0,0.0,0.0,0.0,0.0,0.0,0.0,0.0,0.0,0.0
607,Brady Russell,TE,SEA,0.0,0.0,0.0,0.0,0.0,0.0,0.0,0.0,0.0,0.0,0.0,0.0,0.0,0.0,0.0,0.0,0.0,0.0,0.0,0.0
607,Tre' McKitty,TE,BUF,0.0,0.0,0.0,0.0,0.0,0.0,0.0,0.0,0.0,0.0,0.0,0.0,0.0,0.0,0.0,0.0,0.0,0.0,0.0,0.0
607,Dalton Keene,TE,HOU,0.0,0.0,0.0,0.0,0.0,0.0,0.0,0.0,0.0,0.0,0.0,0.0,0.0,0.0,0.0,0.0,0.0,0.0,0.0,0.0
607,Tre'Quan Smith,WR,DET,0.0,0.0,0.0,0.0,0.0,0.0,0.0,0.0,0.0,0.0,0.0,0.0,0.0,0.0,0.0,0.0,0.0,0.0,0.0,0.0
607,Kirk Merritt,WR,FA,0.0,0.0,0.0,0.0,0.0,0.0,0.0,0.0,0.0,0.0,0.0,0.0,0.0,0.0,0.0,0.0,0.0,0.0,0.0,0.0
607,Kearis Jackson,WR,TEN,0.0,0.0,0.0,0.0,0.0,0.0,0.0,0.0,0.0,0.0,0.0,0.0,0.0,0.0,0.0,0.0,0.0,0.0,0.0,0.0
607,Cephus Johnson III,WR,TB,0.0,0.0,0.0,0.0,0.0,0.0,0.0,0.0,0.0,0.0,0.0,0.0,0.0,0.0,0.0,0.0,0.0,0.0,0.0,0.0
607,Julius Chestnut,RB,TEN,0.0,0.0,0.0,0.0,0.0,0.0,0.0,0.0,0.0,0.0,0.0,0.0,0.0,0.0,0.0,0.0,0.0,0.0,0.0,0.0
607,Amari Rodgers,WR,FA,0.0,0.0,0.0,0.0,0.0,0.0,0.0,0.0,0.0,0.0,0.0,0.0,0.0,0.0,0.0,0.0,0.0,0.0,0.0,0.0
607,N'Keal Harry,WR,MIN,0.0,0.0,0.0,0.0,0.0,0.0,0.0,0.0,0.0,0.0,0.0,0.0,0.0,0.0,0.0,0.0,0.0,0.0,0.0,0.0
607,Dylan Drummond,WR,ATL,0.0,0.0,0.0,0.0,0.0,0.0,0.0,0.0,0.0,0.0,0.0,0.0,0.0,0.0,0.0,0.0,0.0,0.0,0.0,0.0
607,Zack Kuntz,TE,NYJ,0.0,0.0,0.0,0.0,0.0,0.0,0.0,0.0,0.0,0.0,0.0,0.0,0.0,0.0,0.0,0.0,0.0,0.0,0.0,0.0
607,Leroy Watson IV,TE,TEN,0.0,0.0,0.0,0.0,0.0,0.0,0.0,0.0,0.0,0.0,0.0,0.0,0.0,0.0,0.0,0.0,0.0,0.0,0.0,0.0
607,Tyree Jackson,TE,NYG,0.0,0.0,0.0,0.0,0.0,0.0,0.0,0.0,0.0,0.0,0.0,0.0,0.0,0.0,0.0,0.0,0.0,0.0,0.0,0.0
607,Jordan Thomas,TE,ATL,0.0,0.0,0.0,0.0,0.0,0.0,0.0,0.0,0.0,0.0,0.0,0.0,0.0,0.0,0.0,0.0,0.0,0.0,0.0,0.0
607,Stanley Morgan Jr.,WR,NO,0.0,0.0,0.0,0.0,0.0,0.0,0.0,0.0,0.0,0.0,0.0,0.0,0.0,0.0,0.0,0.0,0.0,0.0,0.0,0.0
607,Travis Homer,RB,CHI,0.0,0.0,0.0,0.0,0.0,0.0,0.0,0.0,0.0,0.0,0.0,0.0,0.0,0.0,0.0,0.0,0.0,0.0,0.0,0.0
607,Damiere Byrd,WR,FA,0.0,0.0,0.0,0.0,0.0,0.0,0.0,0.0,0.0,0.0,0.0,0.0,0.0,0.0,0.0,0.0,0.0,0.0,0.0,0.0
607,Albert Okwuegbunam Jr.,TE,PHI,0.0,0.0,0.0,0.0,0.0,0.0,0.0,0.0,0.0,0.0,0.0,0.0,0.0,0.0,0.0,0.0,0.0,0.0,0.0,0.0
607,Max Duggan,QB,LAC,0.0,0.0,0.0,0.0,0.0,0.0,0.0,0.0,0.0,0.0,0.0,0.0,0.0,0.0,0.0,0.0,0.0,0.0,0.0,0.0
607,Jalen Virgil,WR,DEN,0.0,0.0,0.0,0.0,0.0,0.0,0.0,0.0,0.0,0.0,0.0,0.0,0.0,0.0,0.0,0.0,0.0,0.0,0.0,0.0
607,DJ Turner,WR,LV,0.0,0.0,0.0,0.0,0.0,0.0,0.0,0.0,0.0,0.0,0.0,0.0,0.0,0.0,0.0,0.0,0.0,0.0,0.0,0.0
607,Andre Baccellia,WR,ARI,0.0,0.0,0.0,0.0,0.0,0.0,0.0,0.0,0.0,0.0,0.0,0.0,0.0,0.0,0.0,0.0,0.0,0.0,0.0,0.0
607,Malik Cunningham,QB,BAL,0.0,0.0,0.0,0.0,0.0,0.0,0.0,0.0,0.0,0.0,0.0,0.0,0.0,0.0,0.0,0.0,0.0,0.0,0.0,0.0
607,Juwann Winfree,WR,IND,0.0,0.0,0.0,0.0,0.0,0.0,0.0,0.0,0.0,0.0,0.0,0.0,0.0,0.0,0.0,0.0,0.0,0.0,0.0,0.0
607,Tyler Kroft,TE,FA,0.0,0.0,0.0,0.0,0.0,0.0,0.0,0.0,0.0,0.0,0.0,0.0,0.0,0.0,0.0,0.0,0.0,0.0,0.0,0.0
607,Easop Winston Jr.,WR,SEA,0.0,0.0,0.0,0.0,0.0,0.0,0.0,0.0,0.0,0.0,0.0,0.0,0.0,0.0,0.0,0.0,0.0,0.0,0.0,0.0
607,Chris Oladokun,QB,KC,0.0,0.0,0.0,0.0,0.0,0.0,0.0,0.0,0.0,0.0,0.0,0.0,0.0,0.0,0.0,0.0,0.0,0.0,0.0,0.0
607,Patrick Laird,RB,FA,0.0,0.0,0.0,0.0,0.0,0.0,0.0,0.0,0.0,0.0,0.0,0.0,0.0,0.0,0.0,0.0,0.0,0.0,0.0,0.0
607,Malik Davis,RB,DAL,0.0,0.0,0.0,0.0,0.0,0.0,0.0,0.0,0.0,0.0,0.0,0.0,0.0,0.0,0.0,0.0,0.0,0.0,0.0,0.0
607,J.P. Holtz,TE,FA,0.0,0.0,0.0,0.0,0.0,0.0,0.0,0.0,0.0,0.0,0.0,0.0,0.0,0.0,0.0,0.0,0.0,0.0,0.0,0.0
607,Jaelon Darden,WR,CLE,0.0,0.0,0.0,0.0,0.0,0.0,0.0,0.0,0.0,0.0,0.0,0.0,0.0,0.0,0.0,0.0,0.0,0.0,0.0,0.0
607,Mohamed Ibrahim,RB,FA,0.0,0.0,0.0,0.0,0.0,0.0,0.0,0.0,0.0,0.0,0.0,0.0,0.0,0.0,0.0,0.0,0.0,0.0,0.0,0.0
607,Dwayne Washington,RB,DEN,0.0,0.0,0.0,0.0,0.0,0.0,0.0,0.0,0.0,0.0,0.0,0.0,0.0,0.0,0.0,0.0,0.0,0.0,0.0,0.0
607,SaRodorick Thompson Jr.,RB,FA,0.0,0.0,0.0,0.0,0.0,0.0,0.0,0.0,0.0,0.0,0.0,0.0,0.0,0.0,0.0,0.0,0.0,0.0,0.0,0.0
607,Matt Sokol,TE,PIT,0.0,0.0,0.0,0.0,0.0,0.0,0.0,0.0,0.0,0.0,0.0,0.0,0.0,0.0,0.0,0.0,0.0,0.0,0.0,0.0
607,Johnny Johnson III,WR,HOU,0.0,0.0,0.0,0.0,0.0,0.0,0.0,0.0,0.0,0.0,0.0,0.0,0.0,0.0,0.0,0.0,0.0,0.0,0.0,0.0
700,Kyle Trask,QB,TB,0.0,0.0,0.0,0.0,0.0,0.0,0.0,0.0,0.0,-0.1,0.0,0.0,0.0,0.0,0.0,0.0,0.0,0.0,-0.1,-0.1
701,Teddy Bridgewater,QB,FA,0.0,0.0,0.0,0.0,-0.2,0.0,0.0,0.0,0.0,0.0,0.0,0.0,0.0,0.0,0.0,0.0,0.0,0.0,-0.2,-0.2
701,Jonathan Williams,RB,FA,0.0,0.0,0.0,0.0,0.0,0.0,0.0,0.0,0.0,0.0,0.0,0.0,0.0,0.0,-0.2,0.0,0.0,0.0,-0.2,-0.2
703,Matt Barkley,QB,FA,0.0,0.0,0.0,0.0,0.0,0.0,0.0,0.0,0.0,0.0,0.0,0.0,0.0,0.0,0.0,0.0,-0.3,0.0,-0.3,-0.3
704,Nathan Peterman,QB,NO,0.0,0.0,0.0,0.0,0.0,0.0,-0.4,0.0,0.0,0.0,0.0,0.0,0.0,0.0,0.0,0.0,0.0,0.0,-0.2,-0.4
705,Kyle Allen,QB,PIT,0.0,-0.2,-0.2,-0.3,0.0,0.0,0.0,0.0,0.0,0.0,-0.2,0.0,0.0,0.0,-0.2,0.0,-0.2,0.0,-0.2,-1.3
706,James Proche II,WR,CLE,0.0,0.0,0.0,0.0,0.0,0.0,0.0,0.0,0.0,-2.0,0.0,0.0,0.0,0.0,0.0,0.0,0.0,0.0,-0.2,-2.0
707,Trent Taylor,WR,SF,0.0,0.0,0.0,0.0,0.0,0.0,0.0,-0.2,0.0,0.0,0.0,0.0,0.0,0.0,-2.0,0.0,0.0,0.0,-0.1,-2.2
